id,productNumber,company,imagePath,catalogPage,color,size,sourceCode
catalog_0001,01,SNZ,catalog/images/img-006.jpg,3,Siyah,,EY01
catalog_0002,04,SNZ,catalog/images/img-007.jpg,3,Siyah,,EY04
catalog_0003,05,SNZ,catalog/images/img-008.jpg,3,Siyah,,EY05
catalog_0004,0011,SNZ,catalog/images/img-009.jpg,3,Kahverengi,,EY0011
catalog_0005,0011,SNZ,catalog/images/img-012.jpg,4,Kırmızı,,EY0011
catalog_0006,0011,SNZ,catalog/images/img-013.jpg,4,Lacivert,,EY0011
catalog_0007,0011,SNZ,catalog/images/img-014.jpg,4,Siyah,,EY0011
catalog_0008,021,SNZ,catalog/images/img-015.jpg,4,Siyah,,EY021
catalog_0009,031,SNZ,catalog/images/img-018.jpg,5,Siyah,,EY031
catalog_0010,1004,SNZ,catalog/images/img-019.jpg,5,Siyah,,EY1004
catalog_0011,1005,SNZ,catalog/images/img-020.jpg,5,Siyah,,EY1005
catalog_0012,1007,SNZ,catalog/images/img-021.jpg,5,Siyah,,EY1007
catalog_0013,1008,SNZ,catalog/images/img-024.jpg,6,Siyah,,EY1008
catalog_0014,1009,SNZ,catalog/images/img-025.jpg,6,Ekru,,EY1009
catalog_0015,1010,SNZ,catalog/images/img-026.jpg,6,Siyah,,EY1010
catalog_0016,1011,SNZ,catalog/images/img-027.jpg,6,Siyah,,EY1011
catalog_0017,1013,SNZ,catalog/images/img-030.jpg,7,Camel,,EY1013
catalog_0018,1014,SNZ,catalog/images/img-031.jpg,7,Camel,,EY1014
catalog_0019,1015,SNZ,catalog/images/img-032.jpg,7,Siyah,,EY1015
catalog_0020,1017,SNZ,catalog/images/img-033.jpg,7,Siyah,,EY1017
catalog_0021,1019,SNZ,catalog/images/img-036.jpg,8,Siyah,,EY1019
catalog_0022,1020,SNZ,catalog/images/img-037.jpg,8,Haki,,EY1020
catalog_0023,1020,SNZ,catalog/images/img-038.jpg,8,Kahverengi,,EY1020
catalog_0024,1020,SNZ,catalog/images/img-039.jpg,8,Siyah,,EY1020
catalog_0025,1020,SNZ,catalog/images/img-042.jpg,9,Vanilya,,EY1020
catalog_0026,1021,SNZ,catalog/images/img-043.jpg,9,Siyah,,EY1021
catalog_0027,1022,SNZ,catalog/images/img-044.jpg,9,Siyah,,EY1022
catalog_0028,1023,SNZ,catalog/images/img-045.jpg,9,Siyah,,EY1023
catalog_0029,1024,SNZ,catalog/images/img-048.jpg,10,Siyah,,EY1024
catalog_0030,1025,SNZ,catalog/images/img-049.jpg,10,Siyah,,EY1025
catalog_0031,1026,SNZ,catalog/images/img-050.jpg,10,Ekru,,EY1026
catalog_0032,1027,SNZ,catalog/images/img-051.jpg,10,Lacivert,,EY1027
catalog_0033,1027,SNZ,catalog/images/img-054.jpg,11,Siyah,,EY1027
catalog_0034,1028,SNZ,catalog/images/img-055.jpg,11,Siyah – Beyaz,,EY1028
catalog_0035,1029,SNZ,catalog/images/img-056.jpg,11,Siyah,,EY1029
catalog_0036,1030,SNZ,catalog/images/img-057.jpg,11,Siyah,,EY1030
catalog_0037,1031,SNZ,catalog/images/img-060.jpg,12,Antrasit,,EY1031
catalog_0038,1032,SNZ,catalog/images/img-061.jpg,12,Haki,,EY1032
catalog_0039,1032,SNZ,catalog/images/img-062.jpg,12,Siyah,,EY1032
catalog_0040,1033,SNZ,catalog/images/img-063.jpg,12,Ekru – Siyah,,EY1033
catalog_0041,1035,SNZ,catalog/images/img-066.jpg,13,Siyah,,EY1035
catalog_0042,1036,SNZ,catalog/images/img-067.jpg,13,Siyah,,EY1036
catalog_0043,1037,SNZ,catalog/images/img-068.jpg,13,Kırmızı,,EY1037
catalog_0044,1037,SNZ,catalog/images/img-069.jpg,13,Siyah,,EY1037
catalog_0045,1038,SNZ,catalog/images/img-072.jpg,14,Siyah,,EY1038
catalog_0046,1041,SNZ,catalog/images/img-073.jpg,14,Siyah,,EY1041
catalog_0047,1042,SNZ,catalog/images/img-074.jpg,14,Siyah,,EY1042
catalog_0048,1043,SNZ,catalog/images/img-075.jpg,14,Siyah,,EY1043
catalog_0049,1044,SNZ,catalog/images/img-078.jpg,15,Siyah,,EY1044
catalog_0050,1045,SNZ,catalog/images/img-079.jpg,15,Siyah,,EY1045
catalog_0051,1046,SNZ,catalog/images/img-080.jpg,15,Siyah,,EY1046
catalog_0052,1047,SNZ,catalog/images/img-081.jpg,15,Siyah,,EY1047
catalog_0053,1048,SNZ,catalog/images/img-084.jpg,16,Siyah,,EY1048
catalog_0054,1049,SNZ,catalog/images/img-085.jpg,16,Antrasit,,EY1049
catalog_0055,1049,SNZ,catalog/images/img-086.jpg,16,Siyah,,EY1049
catalog_0056,1050,SNZ,catalog/images/img-087.jpg,16,Siyah,,EY1050
catalog_0057,1051,SNZ,catalog/images/img-090.jpg,17,Siyah,,EY1051
catalog_0058,1052,SNZ,catalog/images/img-091.jpg,17,Siyah,,EY1052
catalog_0059,1053,SNZ,catalog/images/img-092.jpg,17,Siyah – Beyaz,,EY1053
catalog_0060,1054,SNZ,catalog/images/img-093.jpg,17,Siyah,,EY1054
catalog_0061,1057,SNZ,catalog/images/img-096.jpg,18,Siyah,,EY1057
catalog_0062,1058,SNZ,catalog/images/img-097.jpg,18,Siyah – Camel,,EY1058
catalog_0063,1059,SNZ,catalog/images/img-098.jpg,18,Siyah,,EY1059
catalog_0064,1060,SNZ,catalog/images/img-099.jpg,18,Siyah – Beyaz,,EY1060
catalog_0065,1062,SNZ,catalog/images/img-102.jpg,19,Siyah – Beyaz,,EY1062
catalog_0066,1063,SNZ,catalog/images/img-103.jpg,19,Brdo,,EY1063
catalog_0067,1063,SNZ,catalog/images/img-104.jpg,19,Siyah,,EY1063
catalog_0068,1064,SNZ,catalog/images/img-105.jpg,19,Brdo,,EY1064
catalog_0069,1064,SNZ,catalog/images/img-108.jpg,20,Siyah,,EY1064
catalog_0070,1065,SNZ,catalog/images/img-109.jpg,20,Siyah,,EY1065
catalog_0071,1066,SNZ,catalog/images/img-110.jpg,20,Siyah – Beyaz,,EY1066
catalog_0072,1067,SNZ,catalog/images/img-111.jpg,20,Siyah,,EY1067
catalog_0073,1068,SNZ,catalog/images/img-114.jpg,21,Siyah,,EY1068
catalog_0074,1069,SNZ,catalog/images/img-115.jpg,21,Siyah,,EY1069
catalog_0075,1071,SNZ,catalog/images/img-116.jpg,21,Siyah,,EY1071
catalog_0076,1072,SNZ,catalog/images/img-117.jpg,21,Siyah,,EY1072
catalog_0077,1073,SNZ,catalog/images/img-120.jpg,22,Siyah,,EY1073
catalog_0078,1074,SNZ,catalog/images/img-121.jpg,22,Siyah,,EY1074
catalog_0079,1075,SNZ,catalog/images/img-122.jpg,22,Siyah – Beyaz,,EY1075
catalog_0080,1076,SNZ,catalog/images/img-123.jpg,22,Siyah,,EY1076
catalog_0081,1077,SNZ,catalog/images/img-126.jpg,23,Siyah,,EY1077
catalog_0082,1078,SNZ,catalog/images/img-127.jpg,23,Siyah,,EY1078
catalog_0083,1081,SNZ,catalog/images/img-128.jpg,23,Siyah,,EY1081
catalog_0084,1082,SNZ,catalog/images/img-129.jpg,23,Siyah,,EY1082
catalog_0085,1083,SNZ,catalog/images/img-132.jpg,24,Siyah,,EY1083
catalog_0086,1084,SNZ,catalog/images/img-133.jpg,24,Siyah – Beyaz,,EY1084
catalog_0087,1085,SNZ,catalog/images/img-134.jpg,24,Vanilya,,EY1085
catalog_0088,1086,SNZ,catalog/images/img-135.jpg,24,Kahverengi,,EY1086
catalog_0089,1086,SNZ,catalog/images/img-138.jpg,25,Siyah,,EY1086
catalog_0090,1086,SNZ,catalog/images/img-139.jpg,25,Vanilya,,EY1086
catalog_0091,1087,SNZ,catalog/images/img-140.jpg,25,Siyah,,EY1087
catalog_0092,1088,SNZ,catalog/images/img-141.jpg,25,Siyah,,EY1088
catalog_0093,1090,SNZ,catalog/images/img-144.jpg,26,Ekru – Camel,,EY1090
catalog_0094,1091,SNZ,catalog/images/img-145.jpg,26,Siyah,,EY1091
catalog_0095,1092,SNZ,catalog/images/img-146.jpg,26,Siyah,,EY1092
catalog_0096,1093,SNZ,catalog/images/img-147.jpg,26,Siyah,,EY1093
catalog_0097,1094,SNZ,catalog/images/img-150.jpg,27,Siyah – Beyaz,,EY1094
catalog_0098,1096,SNZ,catalog/images/img-151.jpg,27,Siyah,,EY1096
catalog_0099,1097,SNZ,catalog/images/img-152.jpg,27,Siyah,,EY1097
catalog_0100,1099,SNZ,catalog/images/img-153.jpg,27,Siyah,,EY1099
catalog_0101,1101,SNZ,catalog/images/img-156.jpg,28,Siyah,,EY1101
catalog_0102,1102,SNZ,catalog/images/img-157.jpg,28,Siyah,,EY1102
catalog_0103,1103,SNZ,catalog/images/img-158.jpg,28,Siyah,,EY1103
catalog_0104,1104,SNZ,catalog/images/img-159.jpg,28,Siyah,,EY1104
catalog_0105,1105,SNZ,catalog/images/img-162.jpg,29,Siyah,,EY1105
catalog_0106,1106,SNZ,catalog/images/img-163.jpg,29,Siyah,,EY1106
catalog_0107,1106,SNZ,catalog/images/img-164.jpg,29,Kahverengi,,EY1106
catalog_0108,1106,SNZ,catalog/images/img-165.jpg,29,Vanilya,,EY1106
catalog_0109,1108,SNZ,catalog/images/img-168.jpg,30,Siyah,,EY1108
catalog_0110,1109,SNZ,catalog/images/img-169.jpg,30,Siyah,,EY1109
catalog_0111,1110,SNZ,catalog/images/img-170.jpg,30,Siyah,,EY1110
catalog_0112,1111,SNZ,catalog/images/img-171.jpg,30,Gri,,EY1111
catalog_0113,1111,SNZ,catalog/images/img-174.jpg,31,Haki,,EY1111
catalog_0114,1111,SNZ,catalog/images/img-175.jpg,31,Siyah,,EY1111
catalog_0115,1111,SNZ,catalog/images/img-176.jpg,31,Taş,,EY1111
catalog_0116,1112,SNZ,catalog/images/img-177.jpg,31,Siyah,,EY1112
catalog_0117,1114,SNZ,catalog/images/img-180.jpg,32,Bordo,,EY1114
catalog_0118,1115,SNZ,catalog/images/img-181.jpg,32,Siyah,,EY1115
catalog_0119,1116,SNZ,catalog/images/img-182.jpg,32,Siyah,,EY1116
catalog_0120,1117,SNZ,catalog/images/img-183.jpg,32,Siyah,,EY1117
catalog_0121,1118,SNZ,catalog/images/img-186.jpg,33,Haki,,EY1118
catalog_0122,1118,SNZ,catalog/images/img-187.jpg,33,Kahverengi,,EY1118
catalog_0123,1118,SNZ,catalog/images/img-188.jpg,33,Siyah,,EY1118
catalog_0124,1118,SNZ,catalog/images/img-189.jpg,33,Vanilya,,EY1118
catalog_0125,1119,SNZ,catalog/images/img-192.jpg,34,Siyah – Beyaz,,EY1119
catalog_0126,1121,SNZ,catalog/images/img-193.jpg,34,Siyah,,EY1121
catalog_0127,1122,SNZ,catalog/images/img-194.jpg,34,Siyah,,EY1122
catalog_0128,1123,SNZ,catalog/images/img-195.jpg,34,Antrasit,,EY1123
catalog_0129,1123A,SNZ,catalog/images/img-198.jpg,35,Antrasit,,EY1123A
catalog_0130,1124,SNZ,catalog/images/img-199.jpg,35,Antrasit,,EY1124
catalog_0131,1125,SNZ,catalog/images/img-200.jpg,35,Siyah,,EY1125
catalog_0132,1126,SNZ,catalog/images/img-201.jpg,35,Siyah,,EY1126
catalog_0133,1127,SNZ,catalog/images/img-204.jpg,36,Siyah,,EY1127
catalog_0134,1128,SNZ,catalog/images/img-205.jpg,36,Siyah,,EY1128
catalog_0135,1129,SNZ,catalog/images/img-206.jpg,36,Siyah,,EY1129
catalog_0136,1130,SNZ,catalog/images/img-207.jpg,36,Siyah,,EY1130
catalog_0137,1131,SNZ,catalog/images/img-210.jpg,37,Siyah – Beyaz,,EY1131
catalog_0138,1132,SNZ,catalog/images/img-211.jpg,37,Siyah,,EY1132
catalog_0139,1133,SNZ,catalog/images/img-212.jpg,37,Siyah,,EY1133
catalog_0140,1134,SNZ,catalog/images/img-213.jpg,37,Siyah – Beyaz,,EY1134
catalog_0141,1135,SNZ,catalog/images/img-216.jpg,38,Antrasit,,EY1135
catalog_0142,1136,SNZ,catalog/images/img-217.jpg,38,Siyah,,EY1136
catalog_0143,1137,SNZ,catalog/images/img-218.jpg,38,Siyah – Camel,,EY1137
catalog_0144,1138,SNZ,catalog/images/img-219.jpg,38,Siyah,,EY1138
catalog_0145,1139,SNZ,catalog/images/img-222.jpg,39,Siyah,,EY1139
catalog_0146,1140,SNZ,catalog/images/img-223.jpg,39,Ekru – Siyah,,EY1140
catalog_0147,1142,SNZ,catalog/images/img-224.jpg,39,Siyah,,EY1142
catalog_0148,1143,SNZ,catalog/images/img-225.jpg,39,Siyah,,EY1143
catalog_0149,1144,SNZ,catalog/images/img-228.jpg,40,Siyah,,EY1144
catalog_0150,1146,SNZ,catalog/images/img-229.jpg,40,Siyah – Beyaz,,EY1146
catalog_0151,1147,SNZ,catalog/images/img-230.jpg,40,Antrasit,,EY1147
catalog_0152,1148,SNZ,catalog/images/img-231.jpg,40,Antrasit,,EY1148
catalog_0153,1149,SNZ,catalog/images/img-234.jpg,41,Siyah,,EY1149
catalog_0154,1150,SNZ,catalog/images/img-235.jpg,41,Antrasit,,EY1150
catalog_0155,1152,SNZ,catalog/images/img-236.jpg,41,Siyah,,EY1152
catalog_0156,1153,SNZ,catalog/images/img-237.jpg,41,Siyah,,EY1153
catalog_0157,1154,SNZ,catalog/images/img-240.jpg,42,Siyah,,EY1154
catalog_0158,1155,SNZ,catalog/images/img-241.jpg,42,Siyah,,EY1155
catalog_0159,1156,SNZ,catalog/images/img-242.jpg,42,Siyah,,EY1156
catalog_0160,1157,SNZ,catalog/images/img-243.jpg,42,Siyah,,EY1157
catalog_0161,1158,SNZ,catalog/images/img-246.jpg,43,Siyah,,EY1158
catalog_0162,1159,SNZ,catalog/images/img-247.jpg,43,Siyah,,EY1159
catalog_0163,1160,SNZ,catalog/images/img-248.jpg,43,Gri,,EY1160
catalog_0164,1161,SNZ,catalog/images/img-249.jpg,43,Antrasit,,EY1161
catalog_0165,1162,SNZ,catalog/images/img-252.jpg,44,Antrasit,,EY1162
catalog_0166,1163,SNZ,catalog/images/img-253.jpg,44,Siyah,,EY1163
catalog_0167,1164,SNZ,catalog/images/img-254.jpg,44,Siyah,,EY1164
catalog_0168,1165,SNZ,catalog/images/img-255.jpg,44,Siyah,,EY1165
catalog_0169,1167,SNZ,catalog/images/img-258.jpg,45,Kırmızı,,EY1167
catalog_0170,1167,SNZ,catalog/images/img-259.jpg,45,Siyah,,EY1167
catalog_0171,1168,SNZ,catalog/images/img-260.jpg,45,Antrasit,,EY1168
catalog_0172,1169,SNZ,catalog/images/img-261.jpg,45,Siyah,,EY1169
catalog_0173,1170,SNZ,catalog/images/img-264.jpg,46,Siyah,,EY1170
catalog_0174,1171,SNZ,catalog/images/img-265.jpg,46,Siyah,,EY1171
catalog_0175,1172,SNZ,catalog/images/img-266.jpg,46,Siyah,,EY1172
catalog_0176,1173,SNZ,catalog/images/img-267.jpg,46,Gri,,EY1173
catalog_0177,1174,SNZ,catalog/images/img-270.jpg,47,Siyah,,EY1174
catalog_0178,1175,SNZ,catalog/images/img-271.jpg,47,Siyah,,EY1175
catalog_0179,1178,SNZ,catalog/images/img-272.jpg,47,Siyah – Gri,,EY1178
catalog_0180,1179,SNZ,catalog/images/img-273.jpg,47,Camel – Siyah,,EY1179
catalog_0181,1180,SNZ,catalog/images/img-276.jpg,48,Siyah,,EY1180
catalog_0182,1181,SNZ,catalog/images/img-277.jpg,48,Siyah,,EY1181
catalog_0183,1182,SNZ,catalog/images/img-278.jpg,48,Siyah,,EY1182
catalog_0184,1183,SNZ,catalog/images/img-279.jpg,48,Siyah – Beyaz,,EY1183
catalog_0185,1184,SNZ,catalog/images/img-282.jpg,49,Siyah,,EY1184
catalog_0186,1185,SNZ,catalog/images/img-283.jpg,49,Siyah,,EY1185
catalog_0187,1186,SNZ,catalog/images/img-284.jpg,49,Siyah,,EY1186
catalog_0188,1187,SNZ,catalog/images/img-285.jpg,49,Siyah – Beyaz,,EY1187
catalog_0189,1188,SNZ,catalog/images/img-288.jpg,50,Siyah,,EY1188
catalog_0190,1189,SNZ,catalog/images/img-289.jpg,50,Siyah,,EY1189
catalog_0191,1191,SNZ,catalog/images/img-290.jpg,50,Siyah,,EY1191
catalog_0192,1192,SNZ,catalog/images/img-291.jpg,50,Siyah,,EY1192
catalog_0193,1193,SNZ,catalog/images/img-294.jpg,51,Kırmızı,,EY1193
catalog_0194,1193,SNZ,catalog/images/img-295.jpg,51,Siyah,,EY1193
catalog_0195,1194,SNZ,catalog/images/img-296.jpg,51,Kırmızı,,EY1194
catalog_0196,1194,SNZ,catalog/images/img-297.jpg,51,Siyah,,EY1194
catalog_0197,1196,SNZ,catalog/images/img-300.jpg,52,Siyah – Beyaz,,EY1196
catalog_0198,1197,SNZ,catalog/images/img-301.jpg,52,Siyah,,EY1197
catalog_0199,1198,SNZ,catalog/images/img-302.jpg,52,Siyah – Beyaz,,EY1198
catalog_0200,1200,SNZ,catalog/images/img-305.jpg,53,Antrasit – Gri,,EY1200
catalog_0201,1201,SNZ,catalog/images/img-306.jpg,53,Siyah,,EY1201
catalog_0202,1202,SNZ,catalog/images/img-307.jpg,53,Siyah,,EY1202
catalog_0203,1203,SNZ,catalog/images/img-308.jpg,53,Siyah,,EY1203
catalog_0204,1204,SNZ,catalog/images/img-311.jpg,54,Siyah,,EY1204
catalog_0205,1209,SNZ,catalog/images/img-312.jpg,54,Siyah – Beyaz,,EY1209
catalog_0206,1210,SNZ,catalog/images/img-313.jpg,54,Gri,,EY1210
catalog_0207,1211,SNZ,catalog/images/img-314.jpg,54,Ekru,,EY1211
catalog_0208,1213,SNZ,catalog/images/img-317.jpg,55,Siyah,,EY1213
catalog_0209,1214,SNZ,catalog/images/img-318.jpg,55,Siyah,,EY1214
catalog_0210,1215,SNZ,catalog/images/img-319.jpg,55,Siyah,,EY1215
catalog_0211,1216,SNZ,catalog/images/img-320.jpg,55,Siyah,,EY1216
catalog_0212,1217,SNZ,catalog/images/img-323.jpg,56,Siyah,,EY1217
catalog_0213,1218,SNZ,catalog/images/img-324.jpg,56,Siyah,,EY1218
catalog_0214,1219,SNZ,catalog/images/img-325.jpg,56,Siyah,,EY1219
catalog_0215,1220,SNZ,catalog/images/img-326.jpg,56,Siyah,,EY1220
catalog_0216,1221,SNZ,catalog/images/img-329.jpg,57,Siyah,,EY1221
catalog_0217,1222,SNZ,catalog/images/img-330.jpg,57,Siyah,,EY1222
catalog_0218,1223,SNZ,catalog/images/img-331.jpg,57,Siyah,,EY1223
catalog_0219,1224,SNZ,catalog/images/img-332.jpg,57,Siyah,,EY1224
catalog_0220,1225,SNZ,catalog/images/img-335.jpg,58,Siyah,,EY1225
catalog_0221,1226,SNZ,catalog/images/img-336.jpg,58,Siyah,,EY1226
catalog_0222,1227,SNZ,catalog/images/img-337.jpg,58,Lacivert,,EY1227
catalog_0223,1229,SNZ,catalog/images/img-338.jpg,58,Siyah,,EY1229
catalog_0224,1230,SNZ,catalog/images/img-341.jpg,59,Siyah,,EY1230
catalog_0225,1234,SNZ,catalog/images/img-342.jpg,59,Siyah,,EY1234
catalog_0226,1235,SNZ,catalog/images/img-343.jpg,59,Siyah,,EY1235
catalog_0227,1236,SNZ,catalog/images/img-344.jpg,59,Camel – Siyah,,EY1236
catalog_0228,1240,SNZ,catalog/images/img-347.jpg,60,Siyah,,EY1240
catalog_0229,1241,SNZ,catalog/images/img-348.jpg,60,Siyah,,EY1241
catalog_0230,1242,SNZ,catalog/images/img-349.jpg,60,Siyah,,EY1242
catalog_0231,1243,SNZ,catalog/images/img-350.jpg,60,Siyah – Ekru,,EY1243
catalog_0232,1244,SNZ,catalog/images/img-353.jpg,61,Siyah,,EY1244
catalog_0233,1245,SNZ,catalog/images/img-354.jpg,61,Lacivert,,EY1245
catalog_0234,1245,SNZ,catalog/images/img-355.jpg,61,Siyah,,EY1245
catalog_0235,1246,SNZ,catalog/images/img-356.jpg,61,Siyah,,EY1246
catalog_0236,1247,SNZ,catalog/images/img-359.jpg,62,Siyah,,EY1247
catalog_0237,1249,SNZ,catalog/images/img-360.jpg,62,Siyah,,EY1249
catalog_0238,1250,SNZ,catalog/images/img-361.jpg,62,Siyah,,EY1250
catalog_0239,1261,SNZ,catalog/images/img-362.jpg,62,Siyah,,EY1261
catalog_0240,1262,SNZ,catalog/images/img-365.jpg,63,Siyah,,EY1262
catalog_0241,1263,SNZ,catalog/images/img-366.jpg,63,Siyah,,EY1263
catalog_0242,1264,SNZ,catalog/images/img-367.jpg,63,Siyah,,EY1264
catalog_0243,1265,SNZ,catalog/images/img-368.jpg,63,Siyah,,EY1265
catalog_0244,1267,SNZ,catalog/images/img-371.jpg,64,Siyah,,EY1267
catalog_0245,1268,SNZ,catalog/images/img-372.jpg,64,Siyah,,EY1268
catalog_0246,1269,SNZ,catalog/images/img-373.jpg,64,Siyah – Ekru,,EY1269
catalog_0247,1270,SNZ,catalog/images/img-374.jpg,64,Siyah,,EY1270
catalog_0248,1271,SNZ,catalog/images/img-377.jpg,65,Siyah,,EY1271
catalog_0249,1272,SNZ,catalog/images/img-378.jpg,65,Ekru – Siyah,,EY1272
catalog_0250,1273,SNZ,catalog/images/img-379.jpg,65,Çok Renkli,,EY1273
catalog_0251,1274,SNZ,catalog/images/img-380.jpg,65,Siyah,,EY1274
catalog_0252,1276,SNZ,catalog/images/img-383.jpg,66,Pudra,,EY1276
catalog_0253,1276,SNZ,catalog/images/img-384.jpg,66,Siyah,,EY1276
catalog_0254,1277,SNZ,catalog/images/img-385.jpg,66,Siyah,,EY1277
catalog_0255,1278,SNZ,catalog/images/img-386.jpg,66,Siyah,,EY1278
catalog_0256,1279,SNZ,catalog/images/img-389.jpg,67,Siyah,,EY1279
catalog_0257,1280,SNZ,catalog/images/img-390.jpg,67,Fuşya,,EY1280
catalog_0258,1280,SNZ,catalog/images/img-391.jpg,67,Siyah,,EY1280
catalog_0259,1281,SNZ,catalog/images/img-392.jpg,67,Siyah,,EY1281
catalog_0260,1282,SNZ,catalog/images/img-395.jpg,68,Ekru,,EY1282
catalog_0261,1282,SNZ,catalog/images/img-396.jpg,68,Siyah,,EY1282
catalog_0262,1285,SNZ,catalog/images/img-397.jpg,68,Pudra,,EY1285
catalog_0263,1286,SNZ,catalog/images/img-398.jpg,68,Beyaz,,EY1286
catalog_0264,1289,SNZ,catalog/images/img-401.jpg,69,Siyah,,EY1289
catalog_0265,1292,SNZ,catalog/images/img-402.jpg,69,Siyah,,EY1292
catalog_0266,1293,SNZ,catalog/images/img-403.jpg,69,Siyah,,EY1293
catalog_0267,1294,SNZ,catalog/images/img-404.jpg,69,Siyah,,EY1294
catalog_0268,1295,SNZ,catalog/images/img-407.jpg,70,Siyah,,EY1295
catalog_0269,1296,SNZ,catalog/images/img-408.jpg,70,Fuşya,,EY1296
catalog_0270,1297,SNZ,catalog/images/img-409.jpg,70,Siyah,,EY1297
catalog_0271,1300,SNZ,catalog/images/img-410.jpg,70,Siyah,,EY1300
catalog_0272,1301,SNZ,catalog/images/img-413.jpg,71,Siyah,,EY1301
catalog_0273,1302,SNZ,catalog/images/img-414.jpg,71,Siyah,,EY1302
catalog_0274,1303,SNZ,catalog/images/img-415.jpg,71,Siyah,,EY1303
catalog_0275,1304,SNZ,catalog/images/img-416.jpg,71,Siyah,,EY1304
catalog_0276,1305,SNZ,catalog/images/img-419.jpg,72,Siyah,,EY1305
catalog_0277,1306,SNZ,catalog/images/img-420.jpg,72,Siyah,,EY1306
catalog_0278,1307,SNZ,catalog/images/img-421.jpg,72,Siyah,,EY1307
catalog_0279,1308,SNZ,catalog/images/img-422.jpg,72,Siyah,,EY1308
catalog_0280,1309,SNZ,catalog/images/img-425.jpg,73,Siyah,,EY1309
catalog_0281,1310,SNZ,catalog/images/img-426.jpg,73,Siyah,,EY1310
catalog_0282,1312,SNZ,catalog/images/img-427.jpg,73,Siyah,,EY1312
catalog_0283,1313,SNZ,catalog/images/img-428.jpg,73,Siyah,,EY1313
catalog_0284,1314,SNZ,catalog/images/img-431.jpg,74,Siyah,,EY1314
catalog_0285,1315,SNZ,catalog/images/img-432.jpg,74,Siyah,,EY1315
catalog_0286,1316,SNZ,catalog/images/img-433.jpg,74,Siyah,,EY1316
catalog_0287,1317,SNZ,catalog/images/img-434.jpg,74,Siyah,,EY1317
catalog_0288,1318,SNZ,catalog/images/img-437.jpg,75,Siyah,,EY1318
catalog_0289,1320,SNZ,catalog/images/img-438.jpg,75,Siyah,,EY1320
catalog_0290,1321,SNZ,catalog/images/img-439.jpg,75,Siyah,,EY1321
catalog_0291,1322,SNZ,catalog/images/img-440.jpg,75,Siyah,,EY1322
catalog_0292,1323,SNZ,catalog/images/img-443.jpg,76,Siyah,,EY1323
catalog_0293,1324,SNZ,catalog/images/img-444.jpg,76,Siyah,,EY1324
catalog_0294,1325,SNZ,catalog/images/img-445.jpg,76,Siyah,,EY1325
catalog_0295,1331,SNZ,catalog/images/img-446.jpg,76,Gri,,EY1331
catalog_0296,1331,SNZ,catalog/images/img-449.jpg,77,Siyah,,EY1331
catalog_0297,1332,SNZ,catalog/images/img-450.jpg,77,Siyah,,EY1332
catalog_0298,1333,SNZ,catalog/images/img-451.jpg,77,Siyah,,EY1333
catalog_0299,1336,SNZ,catalog/images/img-452.jpg,77,Siyah,,EY1336
catalog_0300,1337,SNZ,catalog/images/img-455.jpg,78,Siyah,,EY1337
catalog_0301,1338,SNZ,catalog/images/img-456.jpg,78,Siyah,,EY1338
catalog_0302,1339,SNZ,catalog/images/img-457.jpg,78,Gri,,EY1339
catalog_0303,1339,SNZ,catalog/images/img-458.jpg,78,Siyah,,EY1339
catalog_0304,1340,SNZ,catalog/images/img-461.jpg,79,Gri,,EY1340
catalog_0305,1340,SNZ,catalog/images/img-462.jpg,79,Siyah,,EY1340
catalog_0306,1341,SNZ,catalog/images/img-463.jpg,79,Siyah,,EY1341
catalog_0307,1343,SNZ,catalog/images/img-464.jpg,79,Siyah,,EY1343
catalog_0308,1345,SNZ,catalog/images/img-467.jpg,80,Siyah,,EY1345
catalog_0309,1346,SNZ,catalog/images/img-468.jpg,80,Siyah,,EY1346
catalog_0310,1347,SNZ,catalog/images/img-469.jpg,80,Siyah,,EY1347
catalog_0311,1348,SNZ,catalog/images/img-470.jpg,80,Siyah,,EY1348
catalog_0312,1351,SNZ,catalog/images/img-473.jpg,81,Siyah,,EY1351
catalog_0313,1352,SNZ,catalog/images/img-474.jpg,81,Siyah,,EY1352
catalog_0314,1353,SNZ,catalog/images/img-475.jpg,81,Siyah,,EY1353
catalog_0315,1354,SNZ,catalog/images/img-476.jpg,81,Siyah,,EY1354
catalog_0316,1355,SNZ,catalog/images/img-479.jpg,82,Siyah,,EY1355
catalog_0317,1356,SNZ,catalog/images/img-480.jpg,82,Siyah,,EY1356
catalog_0318,1358,SNZ,catalog/images/img-481.jpg,82,Siyah,,EY1358
catalog_0319,1359,SNZ,catalog/images/img-482.jpg,82,Siyah,,EY1359
catalog_0320,1360,SNZ,catalog/images/img-485.jpg,83,Siyah,,EY1360
catalog_0321,1361,SNZ,catalog/images/img-486.jpg,83,Siyah,,EY1361
catalog_0322,1362,SNZ,catalog/images/img-487.jpg,83,Ekru – Siyah,,EY1362
catalog_0323,1364,SNZ,catalog/images/img-488.jpg,83,Ekru – Siyah,,EY1364
catalog_0324,1365,SNZ,catalog/images/img-491.jpg,84,Siyah,,EY1365
catalog_0325,1366,SNZ,catalog/images/img-492.jpg,84,Siyah,,EY1366
catalog_0326,1367,SNZ,catalog/images/img-493.jpg,84,Siyah,,EY1367
catalog_0327,1368,SNZ,catalog/images/img-494.jpg,84,Siyah,,EY1368
catalog_0328,1369,SNZ,catalog/images/img-497.jpg,85,Siyah,,EY1369
catalog_0329,1370,SNZ,catalog/images/img-498.jpg,85,Siyah,,EY1370
catalog_0330,1372,SNZ,catalog/images/img-499.jpg,85,Siyah,,EY1372
catalog_0331,1373,SNZ,catalog/images/img-500.jpg,85,Siyah,,EY1373
catalog_0332,1374,SNZ,catalog/images/img-503.jpg,86,Siyah,,EY1374
catalog_0333,1375,SNZ,catalog/images/img-504.jpg,86,Siyah,,EY1375
catalog_0334,1376,SNZ,catalog/images/img-505.jpg,86,Siyah,,EY1376
catalog_0335,1377,SNZ,catalog/images/img-506.jpg,86,Siyah,,EY1377
catalog_0336,1378,SNZ,catalog/images/img-509.jpg,87,Siyah,,EY1378
catalog_0337,1379,SNZ,catalog/images/img-510.jpg,87,Siyah,,EY1379
catalog_0338,1392,SNZ,catalog/images/img-511.jpg,87,Camel,,EY1392
catalog_0339,1392,SNZ,catalog/images/img-512.jpg,87,Siyah,,EY1392
catalog_0340,1393,SNZ,catalog/images/img-515.jpg,88,Siyah,,EY1393
catalog_0341,1395,SNZ,catalog/images/img-516.jpg,88,Antrasit,,EY1395
catalog_0342,1397,SNZ,catalog/images/img-517.jpg,88,Camel,,EY1397
catalog_0343,1398,SNZ,catalog/images/img-518.jpg,88,Siyah,,EY1398
catalog_0344,1399,SNZ,catalog/images/img-521.jpg,89,Siyah,,EY1399
catalog_0345,1400,SNZ,catalog/images/img-522.jpg,89,Siyah,,EY1400
catalog_0346,1401,SNZ,catalog/images/img-523.jpg,89,Siyah,,EY1401
catalog_0347,1402,SNZ,catalog/images/img-524.jpg,89,Siyah,,EY1402
catalog_0348,1403,SNZ,catalog/images/img-527.jpg,90,Siyah,,EY1403
catalog_0349,1404,SNZ,catalog/images/img-528.jpg,90,Siyah – Gri,,EY1404
catalog_0350,1405,SNZ,catalog/images/img-529.jpg,90,Siyah – Gri,,EY1405
catalog_0351,1406,SNZ,catalog/images/img-530.jpg,90,Gri,,EY1406
catalog_0352,1407,SNZ,catalog/images/img-533.jpg,91,Gri,,EY1407
catalog_0353,1408,SNZ,catalog/images/img-534.jpg,91,Siyah,,EY1408
catalog_0354,1410,SNZ,catalog/images/img-535.jpg,91,Siyah,,EY1410
catalog_0355,1411,SNZ,catalog/images/img-536.jpg,91,Siyah,,EY1411
catalog_0356,1412,SNZ,catalog/images/img-539.jpg,92,Siyah,,EY1412
catalog_0357,1413,SNZ,catalog/images/img-540.jpg,92,Siyah,,EY1413
catalog_0358,1414,SNZ,catalog/images/img-541.jpg,92,Siyah,,EY1414
catalog_0359,1415,SNZ,catalog/images/img-542.jpg,92,Siyah,,EY1415
catalog_0360,1417,SNZ,catalog/images/img-545.jpg,93,Siyah,,EY1417
catalog_0361,1418,SNZ,catalog/images/img-546.jpg,93,Siyah,,EY1418
catalog_0362,1429,SNZ,catalog/images/img-547.jpg,93,Siyah,,EY1429
catalog_0363,1430,SNZ,catalog/images/img-548.jpg,93,Siyah,,EY1430
catalog_0364,1431,SNZ,catalog/images/img-551.jpg,94,Siyah,,EY1431
catalog_0365,1432,SNZ,catalog/images/img-552.jpg,94,Siyah,,EY1432
catalog_0366,1434,SNZ,catalog/images/img-553.jpg,94,Siyah,,EY1434
catalog_0367,1435,SNZ,catalog/images/img-554.jpg,94,Siyah,,EY1435
catalog_0368,1436,SNZ,catalog/images/img-557.jpg,95,Siyah,,EY1436
catalog_0369,1437,SNZ,catalog/images/img-558.jpg,95,Siyah,,EY1437
catalog_0370,1439,SNZ,catalog/images/img-559.jpg,95,Siyah,,EY1439
catalog_0371,1440,SNZ,catalog/images/img-560.jpg,95,Siyah,,EY1440
catalog_0372,1441,SNZ,catalog/images/img-563.jpg,96,Siyah,,EY1441
catalog_0373,1442,SNZ,catalog/images/img-564.jpg,96,Siyah,,EY1442
catalog_0374,1443,SNZ,catalog/images/img-565.jpg,96,Siyah,,EY1443
catalog_0375,1444,SNZ,catalog/images/img-566.jpg,96,Siyah,,EY1444
catalog_0376,1445,SNZ,catalog/images/img-569.jpg,97,Siyah,,EY1445
catalog_0377,1446,SNZ,catalog/images/img-570.jpg,97,Siyah,,EY1446
catalog_0378,1447,SNZ,catalog/images/img-571.jpg,97,Siyah,,EY1447
catalog_0379,1449,SNZ,catalog/images/img-572.jpg,97,Siyah,,EY1449
catalog_0380,1450,SNZ,catalog/images/img-575.jpg,98,Siyah,,EY1450
catalog_0381,1451,SNZ,catalog/images/img-576.jpg,98,Siyah,,EY1451
catalog_0382,1453,SNZ,catalog/images/img-577.jpg,98,Siyah,,EY1453
catalog_0383,1454,SNZ,catalog/images/img-578.jpg,98,Beyaz,,EY1454
catalog_0384,1454,SNZ,catalog/images/img-581.jpg,99,Mavi,,EY1454
catalog_0385,1454,SNZ,catalog/images/img-582.jpg,99,Siyah,,EY1454
catalog_0386,1454,SNZ,catalog/images/img-583.jpg,99,Taş,,EY1454
catalog_0387,1455,SNZ,catalog/images/img-584.jpg,99,Siyah,,EY1455
catalog_0388,1457,SNZ,catalog/images/img-587.jpg,100,Siyah,,EY1457
catalog_0389,1458,SNZ,catalog/images/img-588.jpg,100,Siyah,,EY1458
catalog_0390,1459,SNZ,catalog/images/img-589.jpg,100,Siyah,,EY1459
catalog_0391,1460,SNZ,catalog/images/img-590.jpg,100,Siyah,,EY1460
catalog_0392,1461,SNZ,catalog/images/img-593.jpg,101,Siyah,,EY1461
catalog_0393,1462,SNZ,catalog/images/img-594.jpg,101,Siyah,,EY1462
catalog_0394,1463,SNZ,catalog/images/img-595.jpg,101,Siyah,,EY1463
catalog_0395,1464,SNZ,catalog/images/img-596.jpg,101,Siyah,,EY1464
catalog_0396,1465,SNZ,catalog/images/img-599.jpg,102,Siyah,,EY1465
catalog_0397,1466,SNZ,catalog/images/img-600.jpg,102,Siyah,,EY1466
catalog_0398,1467,SNZ,catalog/images/img-601.jpg,102,Siyah,,EY1467
catalog_0399,1468,SNZ,catalog/images/img-602.jpg,102,Siyah,,EY1468
catalog_0400,1469,SNZ,catalog/images/img-605.jpg,103,Siyah,,EY1469
catalog_0401,1470,SNZ,catalog/images/img-606.jpg,103,Siyah,,EY1470
catalog_0402,1471,SNZ,catalog/images/img-607.jpg,103,Siyah,,EY1471
catalog_0403,1472,SNZ,catalog/images/img-608.jpg,103,Beyaz,,EY1472
catalog_0404,1472,SNZ,catalog/images/img-611.jpg,104,Bordo,,EY1472
catalog_0405,1472,SNZ,catalog/images/img-612.jpg,104,Haki,,EY1472
catalog_0406,1472,SNZ,catalog/images/img-613.jpg,104,Kırmızı,,EY1472
catalog_0407,1472,SNZ,catalog/images/img-614.jpg,104,Lacivert,,EY1472
catalog_0408,1472,SNZ,catalog/images/img-617.jpg,105,Pudra,,EY1472
catalog_0409,1472,SNZ,catalog/images/img-618.jpg,105,Siyah,,EY1472
catalog_0410,1474,SNZ,catalog/images/img-619.jpg,105,Siyah,,EY1474
catalog_0411,1475,SNZ,catalog/images/img-620.jpg,105,Siyah,,EY1475
catalog_0412,1476,SNZ,catalog/images/img-623.jpg,106,Siyah,,EY1476
catalog_0413,1477,SNZ,catalog/images/img-624.jpg,106,Siyah,,EY1477
catalog_0414,1478,SNZ,catalog/images/img-625.jpg,106,Siyah,,EY1478
catalog_0415,1480,SNZ,catalog/images/img-626.jpg,106,Siyah,,EY1480
catalog_0416,1481,SNZ,catalog/images/img-629.jpg,107,Siyah,,EY1481
catalog_0417,1482,SNZ,catalog/images/img-630.jpg,107,Siyah,,EY1482
catalog_0418,1483,SNZ,catalog/images/img-631.jpg,107,Siyah,,EY1483
catalog_0419,1484,SNZ,catalog/images/img-632.jpg,107,Siyah,,EY1484
catalog_0420,1485,SNZ,catalog/images/img-635.jpg,108,Siyah,,EY1485
catalog_0421,1490,SNZ,catalog/images/img-636.jpg,108,Siyah,,EY1490
catalog_0422,1491,SNZ,catalog/images/img-637.jpg,108,Siyah,,EY1491
catalog_0423,1492,SNZ,catalog/images/img-638.jpg,108,Siyah,,EY1492
catalog_0424,1494,SNZ,catalog/images/img-641.jpg,109,Siyah,,EY1494
catalog_0425,1500,SNZ,catalog/images/img-644.jpg,110,Siyah,,EY1500
catalog_0426,1501,SNZ,catalog/images/img-645.jpg,110,Siyah,,EY1501
catalog_0427,1504,SNZ,catalog/images/img-646.jpg,110,Siyah,,EY1504
catalog_0428,1505,SNZ,catalog/images/img-647.jpg,110,Siyah,,EY1505
catalog_0429,1507,SNZ,catalog/images/img-650.jpg,111,Siyah,,EY1507
catalog_0430,1508,SNZ,catalog/images/img-651.jpg,111,Siyah,,EY1508
catalog_0431,1511,SNZ,catalog/images/img-652.jpg,111,Siyah,,EY1511
catalog_0432,1512,SNZ,catalog/images/img-653.jpg,111,Siyah,,EY1512
catalog_0433,1513,SNZ,catalog/images/img-656.jpg,112,Bordo,,EY1513
catalog_0434,1513,SNZ,catalog/images/img-657.jpg,112,Siyah,,EY1513
catalog_0435,1514,SNZ,catalog/images/img-658.jpg,112,Siyah,,EY1514
catalog_0436,1517,SNZ,catalog/images/img-659.jpg,112,Siyah,,EY1517
catalog_0437,1518,SNZ,catalog/images/img-662.jpg,113,Siyah,,EY1518
catalog_0438,1520,SNZ,catalog/images/img-663.jpg,113,Siyah,,EY1520
catalog_0439,1521,SNZ,catalog/images/img-664.jpg,113,Siyah,,EY1521
catalog_0440,1522,SNZ,catalog/images/img-665.jpg,113,Siyah – Beyaz,,EY1522
catalog_0441,1523,SNZ,catalog/images/img-668.jpg,114,Siyah,,EY1523
catalog_0442,1524,SNZ,catalog/images/img-669.jpg,114,Siyah – Beyaz,,EY1524
catalog_0443,1525,SNZ,catalog/images/img-670.jpg,114,Siyah,,EY1525
catalog_0444,1526,SNZ,catalog/images/img-671.jpg,114,Siyah,,EY1526
catalog_0445,1527,SNZ,catalog/images/img-674.jpg,115,Siyah,,EY1527
catalog_0446,1528,SNZ,catalog/images/img-675.jpg,115,Siyah,,EY1528
catalog_0447,1549,SNZ,catalog/images/img-676.jpg,115,Siyah,,EY1549
catalog_0448,1551,SNZ,catalog/images/img-677.jpg,115,Siyah,,EY1551
catalog_0449,1553,SNZ,catalog/images/img-680.jpg,116,Siyah,,EY1553
catalog_0450,1555,SNZ,catalog/images/img-681.jpg,116,Siyah,,EY1555
catalog_0451,1556,SNZ,catalog/images/img-682.jpg,116,Siyah,,EY1556
catalog_0452,1557,SNZ,catalog/images/img-683.jpg,116,Siyah,,EY1557
catalog_0453,1558,SNZ,catalog/images/img-686.jpg,117,Siyah – Beyaz,,EY1558
catalog_0454,1559,SNZ,catalog/images/img-687.jpg,117,Siyah,,EY1559
catalog_0455,1560,SNZ,catalog/images/img-688.jpg,117,Siyah,,EY1560
catalog_0456,1561,SNZ,catalog/images/img-689.jpg,117,Siyah,,EY1561
catalog_0457,1562,SNZ,catalog/images/img-692.jpg,118,Siyah,,EY1562
catalog_0458,1563,SNZ,catalog/images/img-693.jpg,118,Siyah,,EY1563
catalog_0459,2485,SNZ,catalog/images/img-694.jpg,118,Siyah,,EY2485
catalog_0460,2486,SNZ,catalog/images/img-695.jpg,118,Siyah,,EY2486
catalog_0461,2487,SNZ,catalog/images/img-698.jpg,119,Siyah,,EY2487
catalog_0462,2488,SNZ,catalog/images/img-699.jpg,119,Siyah,,EY2488
catalog_0463,2489,SNZ,catalog/images/img-700.jpg,119,Siyah,,EY2489
catalog_0464,2490,SNZ,catalog/images/img-701.jpg,119,Siyah,,EY2490
catalog_0465,2491,SNZ,catalog/images/img-704.jpg,120,Siyah,,EY2491
catalog_0466,2492,SNZ,catalog/images/img-705.jpg,120,Kahverengi,,EY2492
catalog_0467,2492,SNZ,catalog/images/img-706.jpg,120,Siyah,,EY2492
catalog_0468,2493,SNZ,catalog/images/img-707.jpg,120,Siyah – Beyaz,,EY2493
catalog_0469,2494,SNZ,catalog/images/img-710.jpg,121,Siyah – Beyaz,,EY2494
catalog_0470,2495,SNZ,catalog/images/img-711.jpg,121,Siyah,,EY2495
catalog_0471,2496,SNZ,catalog/images/img-712.jpg,121,Siyah,,EY2496
catalog_0472,2497,SNZ,catalog/images/img-713.jpg,121,Siyah,,EY2497
catalog_0473,2498,SNZ,catalog/images/img-716.jpg,122,Siyah,,EY2498
catalog_0474,2499,SNZ,catalog/images/img-717.jpg,122,Siyah,,EY2499
catalog_0475,2500,SNZ,catalog/images/img-718.jpg,122,Siyah,,EY2500
catalog_0476,2501,SNZ,catalog/images/img-719.jpg,122,Siyah,,EY2501
catalog_0477,2502,SNZ,catalog/images/img-722.jpg,123,Siyah,,EY2502
catalog_0478,2503,SNZ,catalog/images/img-723.jpg,123,Siyah,,EY2503
catalog_0479,2504,SNZ,catalog/images/img-724.jpg,123,Siyah,,EY2504
catalog_0480,2505,SNZ,catalog/images/img-725.jpg,123,Siyah – Beyaz,,EY2505
catalog_0481,2506,SNZ,catalog/images/img-728.jpg,124,Siyah,,EY2506
catalog_0482,2507,SNZ,catalog/images/img-729.jpg,124,Siyah,,EY2507
catalog_0483,2509,SNZ,catalog/images/img-730.jpg,124,Siyah,,EY2509
catalog_0484,2511,SNZ,catalog/images/img-731.jpg,124,Siyah,,EY2511
catalog_0485,2512,SNZ,catalog/images/img-734.jpg,125,Siyah – Beyaz,,EY2512
catalog_0486,2513,SNZ,catalog/images/img-735.jpg,125,Siyah – Beyaz,,EY2513
catalog_0487,2514,SNZ,catalog/images/img-736.jpg,125,Siyah,,EY2514
catalog_0488,2515,SNZ,catalog/images/img-737.jpg,125,Siyah,,EY2515
catalog_0489,2516,SNZ,catalog/images/img-740.jpg,126,Fuşya,,EY2516
catalog_0490,2516,SNZ,catalog/images/img-741.jpg,126,Siyah,,EY2516
catalog_0491,2516,SNZ,catalog/images/img-742.jpg,126,Yesil,,EY2516
catalog_0492,2517,SNZ,catalog/images/img-743.jpg,126,Fuşya,,EY2517
catalog_0493,2517,SNZ,catalog/images/img-746.jpg,127,Fıstık Yeşil,,EY2517
catalog_0494,2519,SNZ,catalog/images/img-747.jpg,127,Mürdüm,,EY2519
catalog_0495,2521,SNZ,catalog/images/img-748.jpg,127,Siyah – Beyaz,,EY2521
catalog_0496,2522,SNZ,catalog/images/img-749.jpg,127,Beyaz,,EY2522
catalog_0497,2522,SNZ,catalog/images/img-752.jpg,128,Fuşya,,EY2522
catalog_0498,2523,SNZ,catalog/images/img-753.jpg,128,Siyah,,EY2523
catalog_0499,2524,SNZ,catalog/images/img-754.jpg,128,Siyah,,EY2524
catalog_0500,2525,SNZ,catalog/images/img-755.jpg,128,Siyah,,EY2525
catalog_0501,2526,SNZ,catalog/images/img-758.jpg,129,Siyah,,EY2526
catalog_0502,2528,SNZ,catalog/images/img-759.jpg,129,Siyah,,EY2528
catalog_0503,2529,SNZ,catalog/images/img-760.jpg,129,Siyah,,EY2529
catalog_0504,2530,SNZ,catalog/images/img-761.jpg,129,Bordo,,EY2530
catalog_0505,2530,SNZ,catalog/images/img-764.jpg,130,Siyah,,EY2530
catalog_0506,2531,SNZ,catalog/images/img-765.jpg,130,Siyah,,EY2531
catalog_0507,2533,SNZ,catalog/images/img-766.jpg,130,Fuşya,,EY2533
catalog_0508,2533,SNZ,catalog/images/img-767.jpg,130,Siyah,,EY2533
catalog_0509,2534,SNZ,catalog/images/img-770.jpg,131,Fuşya – Beyaz,,EY2534
catalog_0510,2534,SNZ,catalog/images/img-771.jpg,131,Siyah – Gri,,EY2534
catalog_0511,2535,SNZ,catalog/images/img-772.jpg,131,Siyah,,EY2535
catalog_0512,2538,SNZ,catalog/images/img-773.jpg,131,Siyah,,EY2538
catalog_0513,2539,SNZ,catalog/images/img-776.jpg,132,Siyah – Vanilya,,EY2539
catalog_0514,2540,SNZ,catalog/images/img-777.jpg,132,Siyah,,EY2540
catalog_0515,2541,SNZ,catalog/images/img-778.jpg,132,Siyah,,EY2541
catalog_0516,2542,SNZ,catalog/images/img-779.jpg,132,Siyah,,EY2542
catalog_0517,2543,SNZ,catalog/images/img-782.jpg,133,Siyah,,EY2543
catalog_0518,2544,SNZ,catalog/images/img-783.jpg,133,Siyah,,EY2544
catalog_0519,2545,SNZ,catalog/images/img-784.jpg,133,Siyah,,EY2545
catalog_0520,2547,SNZ,catalog/images/img-785.jpg,133,Siyah,,EY2547
catalog_0521,2548,SNZ,catalog/images/img-788.jpg,134,Siyah,,EY2548
catalog_0522,2549,SNZ,catalog/images/img-789.jpg,134,Siyah,,EY2549
catalog_0523,2550,SNZ,catalog/images/img-790.jpg,134,Siyah,,EY2550
catalog_0524,2551,SNZ,catalog/images/img-791.jpg,134,Siyah,,EY2551
catalog_0525,2552,SNZ,catalog/images/img-794.jpg,135,Siyah,,EY2552
catalog_0526,2553,SNZ,catalog/images/img-795.jpg,135,Siyah,,EY2553
catalog_0527,2555,SNZ,catalog/images/img-796.jpg,135,Siyah,,EY2555
catalog_0528,2556,SNZ,catalog/images/img-797.jpg,135,Siyah,,EY2556
catalog_0529,2557,SNZ,catalog/images/img-800.jpg,136,Siyah,,EY2557
catalog_0530,2558,SNZ,catalog/images/img-801.jpg,136,Siyah,,EY2558
catalog_0531,2559,SNZ,catalog/images/img-802.jpg,136,Antrasit,,EY2559
catalog_0532,2559,SNZ,catalog/images/img-803.jpg,136,Beyaz,,EY2559
catalog_0533,2559,SNZ,catalog/images/img-806.jpg,137,Bordo,,EY2559
catalog_0534,2559,SNZ,catalog/images/img-807.jpg,137,Ekru,,EY2559
catalog_0535,2559,SNZ,catalog/images/img-808.jpg,137,Siyah,,EY2559
catalog_0536,2560,SNZ,catalog/images/img-809.jpg,137,Bordo,,EY2560
catalog_0537,2560,SNZ,catalog/images/img-812.jpg,138,Ekru,,EY2560
catalog_0538,2560,SNZ,catalog/images/img-813.jpg,138,Siyah,,EY2560
catalog_0539,2560,SNZ,catalog/images/img-814.jpg,138,Sutlu Kahve,,EY2560
catalog_0540,2561,SNZ,catalog/images/img-815.jpg,138,Siyah,,EY2561
catalog_0541,2562,SNZ,catalog/images/img-818.jpg,139,Siyah,,EY2562
catalog_0542,2563,SNZ,catalog/images/img-819.jpg,139,Siyah,,EY2563
catalog_0543,2564,SNZ,catalog/images/img-820.jpg,139,Kırmızı,,EY2564
catalog_0544,2564,SNZ,catalog/images/img-821.jpg,139,Siyah,,EY2564
catalog_0545,2565,SNZ,catalog/images/img-824.jpg,140,Siyah,,EY2565
catalog_0546,2566,SNZ,catalog/images/img-825.jpg,140,Siyah,,EY2566
catalog_0547,2567,SNZ,catalog/images/img-826.jpg,140,Bordo,,EY2567
catalog_0548,2567,SNZ,catalog/images/img-827.jpg,140,Siyah,,EY2567
catalog_0549,2568,SNZ,catalog/images/img-830.jpg,141,Siyah,,EY2568
catalog_0550,2570,SNZ,catalog/images/img-831.jpg,141,Siyah,,EY2570
catalog_0551,2571,SNZ,catalog/images/img-832.jpg,141,Siyah,,EY2571
catalog_0552,2573,SNZ,catalog/images/img-833.jpg,141,Siyah,,EY2573
catalog_0553,2575,SNZ,catalog/images/img-836.jpg,142,Siyah,,EY2575
catalog_0554,2576,SNZ,catalog/images/img-837.jpg,142,Siyah,,EY2576
catalog_0555,2577,SNZ,catalog/images/img-838.jpg,142,Siyah,,EY2577
catalog_0556,2578,SNZ,catalog/images/img-839.jpg,142,Siyah,,EY2578
catalog_0557,2579,SNZ,catalog/images/img-842.jpg,143,Bordo,,EY2579
catalog_0558,2579,SNZ,catalog/images/img-843.jpg,143,Siyah,,EY2579
catalog_0559,2580,SNZ,catalog/images/img-844.jpg,143,Siyah,,EY2580
catalog_0560,2581,SNZ,catalog/images/img-845.jpg,143,Siyah,,EY2581
catalog_0561,2583,SNZ,catalog/images/img-848.jpg,144,Siyah,,EY2583
catalog_0562,2584,SNZ,catalog/images/img-849.jpg,144,Siyah,,EY2584
catalog_0563,2585,SNZ,catalog/images/img-850.jpg,144,Siyah – Beyaz,,EY2585
catalog_0564,2586,SNZ,catalog/images/img-851.jpg,144,Siyah – Beyaz,,EY2586
catalog_0565,2586,SNZ,catalog/images/img-854.jpg,145,Siyah – Gri,,EY2586
catalog_0566,2586,SNZ,catalog/images/img-855.jpg,145,Vanilya – Siyah,,EY2586
catalog_0567,2587,SNZ,catalog/images/img-856.jpg,145,Siyah,,EY2587
catalog_0568,2588,SNZ,catalog/images/img-857.jpg,145,Siyah,,EY2588
catalog_0569,2589,SNZ,catalog/images/img-860.jpg,146,Siyah,,EY2589
catalog_0570,2590,SNZ,catalog/images/img-861.jpg,146,Bordo,,EY2590
catalog_0571,2590,SNZ,catalog/images/img-862.jpg,146,Camel,,EY2590
catalog_0572,2590,SNZ,catalog/images/img-863.jpg,146,Siyah,,EY2590
catalog_0573,2591,SNZ,catalog/images/img-866.jpg,147,Siyah,,EY2591
catalog_0574,2592,SNZ,catalog/images/img-867.jpg,147,Siyah,,EY2592
catalog_0575,2593,SNZ,catalog/images/img-868.jpg,147,Siyah,,EY2593
catalog_0576,2594,SNZ,catalog/images/img-869.jpg,147,Siyah,,EY2594
catalog_0577,2595,SNZ,catalog/images/img-872.jpg,148,Siyah,,EY2595
catalog_0578,2596,SNZ,catalog/images/img-873.jpg,148,Siyah,,EY2596
catalog_0579,2597,SNZ,catalog/images/img-874.jpg,148,Kırmızı,,EY2597
catalog_0580,2597,SNZ,catalog/images/img-875.jpg,148,Siyah,,EY2597
catalog_0581,2599,SNZ,catalog/images/img-878.jpg,149,Siyah,,EY2599
catalog_0582,2600,SNZ,catalog/images/img-881.jpg,150,Siyah,,EY2600
catalog_0583,2601,SNZ,catalog/images/img-882.jpg,150,Siyah,,EY2601
catalog_0584,2602,SNZ,catalog/images/img-883.jpg,150,Siyah,,EY2602
catalog_0585,2603,SNZ,catalog/images/img-884.jpg,150,Siyah,,EY2603
catalog_0586,2605,SNZ,catalog/images/img-887.jpg,151,Siyah,,EY2605
catalog_0587,2606,SNZ,catalog/images/img-888.jpg,151,Siyah,,EY2606
catalog_0588,2607,SNZ,catalog/images/img-889.jpg,151,Siyah,,EY2607
catalog_0589,2608,SNZ,catalog/images/img-890.jpg,151,Siyah,,EY2608
catalog_0590,2661,SNZ,catalog/images/img-893.jpg,152,Siyah,,EY2661
catalog_0591,2662,SNZ,catalog/images/img-894.jpg,152,Gri,,EY2662
catalog_0592,2662,SNZ,catalog/images/img-895.jpg,152,Siyah,,EY2662
catalog_0593,2663,SNZ,catalog/images/img-896.jpg,152,Kırmızı,,EY2663
catalog_0594,2664,SNZ,catalog/images/img-899.jpg,153,Siyah,,EY2664
catalog_0595,2665,SNZ,catalog/images/img-900.jpg,153,Siyah – Beyaz,,EY2665
catalog_0596,2666,SNZ,catalog/images/img-901.jpg,153,Siyah,,EY2666
catalog_0597,2667,SNZ,catalog/images/img-902.jpg,153,Siyah,,EY2667
catalog_0598,2668,SNZ,catalog/images/img-905.jpg,154,Siyah,,EY2668
catalog_0599,2669,SNZ,catalog/images/img-906.jpg,154,Siyah,,EY2669
catalog_0600,2670,SNZ,catalog/images/img-907.jpg,154,Siyah,,EY2670
catalog_0601,2671,SNZ,catalog/images/img-908.jpg,154,Siyah,,EY2671
catalog_0602,2672,SNZ,catalog/images/img-911.jpg,155,Siyah,,EY2672
catalog_0603,2673,SNZ,catalog/images/img-912.jpg,155,Siyah,,EY2673
catalog_0604,2674,SNZ,catalog/images/img-913.jpg,155,Kırmızı,,EY2674
catalog_0605,2674,SNZ,catalog/images/img-914.jpg,155,Siyah,,EY2674
catalog_0606,2675,SNZ,catalog/images/img-917.jpg,156,Kırmızı,,EY2675
catalog_0607,2676,SNZ,catalog/images/img-918.jpg,156,Siyah,,EY2676
catalog_0608,2677,SNZ,catalog/images/img-919.jpg,156,Siyah,,EY2677
catalog_0609,2679,SNZ,catalog/images/img-920.jpg,156,Siyah,,EY2679
catalog_0610,2680,SNZ,catalog/images/img-923.jpg,157,Siyah,,EY2680
catalog_0611,2681,SNZ,catalog/images/img-924.jpg,157,Siyah,,EY2681
catalog_0612,2682,SNZ,catalog/images/img-925.jpg,157,Siyah,,EY2682
catalog_0613,2685,SNZ,catalog/images/img-926.jpg,157,Siyah,,EY2685
catalog_0614,2686,SNZ,catalog/images/img-929.jpg,158,Siyah,,EY2686
catalog_0615,2687,SNZ,catalog/images/img-930.jpg,158,Antrasit,,EY2687
catalog_0616,2688,SNZ,catalog/images/img-931.jpg,158,Antrasit,,EY2688
catalog_0617,2689,SNZ,catalog/images/img-932.jpg,158,Antrasit,,EY2689
catalog_0618,2690,SNZ,catalog/images/img-935.jpg,159,Antrasit,,EY2690
catalog_0619,2691,SNZ,catalog/images/img-936.jpg,159,Antrasit,,EY2691
catalog_0620,2692,SNZ,catalog/images/img-937.jpg,159,Antrasit,,EY2692
catalog_0621,2693,SNZ,catalog/images/img-938.jpg,159,Antrasit,,EY2693
catalog_0622,2695,SNZ,catalog/images/img-941.jpg,160,Siyah,,EY2695
catalog_0623,2696,SNZ,catalog/images/img-942.jpg,160,Siyah,,EY2696
catalog_0624,2698,SNZ,catalog/images/img-943.jpg,160,Siyah,,EY2698
catalog_0625,2699,SNZ,catalog/images/img-944.jpg,160,Siyah,,EY2699
catalog_0626,2700,SNZ,catalog/images/img-947.jpg,161,Siyah,,EY2700
catalog_0627,2701,SNZ,catalog/images/img-948.jpg,161,Siyah,,EY2701
catalog_0628,2702,SNZ,catalog/images/img-949.jpg,161,Siyah,,EY2702
catalog_0629,2703,SNZ,catalog/images/img-950.jpg,161,Siyah,,EY2703
catalog_0630,2704,SNZ,catalog/images/img-953.jpg,162,Siyah,,EY2704
catalog_0631,2705,SNZ,catalog/images/img-954.jpg,162,Siyah,,EY2705
catalog_0632,2706,SNZ,catalog/images/img-955.jpg,162,Siyah,,EY2706
catalog_0633,2707,SNZ,catalog/images/img-956.jpg,162,Siyah,,EY2707
catalog_0634,2708,SNZ,catalog/images/img-959.jpg,163,Siyah,,EY2708
catalog_0635,2709,SNZ,catalog/images/img-960.jpg,163,Siyah,,EY2709
catalog_0636,2710,SNZ,catalog/images/img-961.jpg,163,Siyah,,EY2710
catalog_0637,2711,SNZ,catalog/images/img-962.jpg,163,Beyaz,,EY2711
catalog_0638,2711,SNZ,catalog/images/img-965.jpg,164,Bordo,,EY2711
catalog_0639,2711,SNZ,catalog/images/img-966.jpg,164,Kahverengi,,EY2711
catalog_0640,2711,SNZ,catalog/images/img-967.jpg,164,Mavi,,EY2711
catalog_0641,2711,SNZ,catalog/images/img-968.jpg,164,Pembe,,EY2711
catalog_0642,2711,SNZ,catalog/images/img-971.jpg,165,Siyah,,EY2711
catalog_0643,2711,SNZ,catalog/images/img-972.jpg,165,Sutlu Kahve,,EY2711
catalog_0644,2712,SNZ,catalog/images/img-973.jpg,165,Beyaz,,EY2712
catalog_0645,2712,SNZ,catalog/images/img-974.jpg,165,Kırmızı,,EY2712
catalog_0646,2712,SNZ,catalog/images/img-977.jpg,166,Siyah,,EY2712
catalog_0647,2713,SNZ,catalog/images/img-978.jpg,166,Siyah,,EY2713
catalog_0648,2714,SNZ,catalog/images/img-979.jpg,166,Siyah,,EY2714
catalog_0649,2715,SNZ,catalog/images/img-980.jpg,166,Siyah,,EY2715
catalog_0650,2716,SNZ,catalog/images/img-983.jpg,167,Siyah,,EY2716
catalog_0651,2717,SNZ,catalog/images/img-984.jpg,167,Siyah,,EY2717
catalog_0652,2718,SNZ,catalog/images/img-985.jpg,167,Siyah,,EY2718
catalog_0653,2719,SNZ,catalog/images/img-986.jpg,167,Kırmızı,,EY2719
catalog_0654,2719,SNZ,catalog/images/img-989.jpg,168,Siyah,,EY2719
catalog_0655,2720,SNZ,catalog/images/img-990.jpg,168,Siyah,,EY2720
catalog_0656,2721,SNZ,catalog/images/img-991.jpg,168,Beyaz,,EY2721
catalog_0657,2721,SNZ,catalog/images/img-992.jpg,168,Kırmızı,,EY2721
catalog_0658,2722,SNZ,catalog/images/img-995.jpg,169,Beyaz,,EY2722
catalog_0659,2722,SNZ,catalog/images/img-996.jpg,169,Kırmızı,,EY2722
catalog_0660,2723,SNZ,catalog/images/img-997.jpg,169,Kırmızı,,EY2723
catalog_0661,2723,SNZ,catalog/images/img-998.jpg,169,Siyah,,EY2723
catalog_0662,2724,SNZ,catalog/images/img-1001.jpg,170,Kırmızı,,EY2724
catalog_0663,2724,SNZ,catalog/images/img-1002.jpg,170,Siyah,,EY2724
catalog_0664,2725,SNZ,catalog/images/img-1003.jpg,170,Kırmızı,,EY2725
catalog_0665,2725,SNZ,catalog/images/img-1004.jpg,170,Siyah,,EY2725
catalog_0666,2726,SNZ,catalog/images/img-1007.jpg,171,Beyaz,,EY2726
catalog_0667,2726,SNZ,catalog/images/img-1008.jpg,171,Kırmızı,,EY2726
catalog_0668,2726,SNZ,catalog/images/img-1009.jpg,171,Siyah,,EY2726
catalog_0669,2728,SNZ,catalog/images/img-1010.jpg,171,Siyah,,EY2728
catalog_0670,2729,SNZ,catalog/images/img-1013.jpg,172,Siyah,,EY2729
catalog_0671,2730,SNZ,catalog/images/img-1014.jpg,172,Siyah,,EY2730
catalog_0672,2731,SNZ,catalog/images/img-1015.jpg,172,Siyah,,EY2731
catalog_0673,2732,SNZ,catalog/images/img-1016.jpg,172,Siyah,,EY2732
catalog_0674,2733,SNZ,catalog/images/img-1019.jpg,173,Beyaz,,EY2733
catalog_0675,2733,SNZ,catalog/images/img-1020.jpg,173,Kahverengi,,EY2733
catalog_0676,2733,SNZ,catalog/images/img-1021.jpg,173,Kırmızı,,EY2733
catalog_0677,2733,SNZ,catalog/images/img-1022.jpg,173,Lacivert,,EY2733
catalog_0678,2733,SNZ,catalog/images/img-1025.jpg,174,Pembe,,EY2733
catalog_0679,2733,SNZ,catalog/images/img-1026.jpg,174,Siyah,,EY2733
catalog_0680,2734,SNZ,catalog/images/img-1027.jpg,174,Beyaz,,EY2734
catalog_0681,2734,SNZ,catalog/images/img-1028.jpg,174,Kırmızı,,EY2734
catalog_0682,2734,SNZ,catalog/images/img-1031.jpg,175,Siyah,,EY2734
catalog_0683,2735,SNZ,catalog/images/img-1032.jpg,175,Siyah,,EY2735
catalog_0684,2736,SNZ,catalog/images/img-1033.jpg,175,Beyaz,,EY2736
catalog_0685,2736,SNZ,catalog/images/img-1034.jpg,175,Siyah,,EY2736
catalog_0686,2737,SNZ,catalog/images/img-1037.jpg,176,Beyaz,,EY2737
catalog_0687,2737,SNZ,catalog/images/img-1038.jpg,176,Siyah,,EY2737
catalog_0688,2738,SNZ,catalog/images/img-1039.jpg,176,Beyaz,,EY2738
catalog_0689,2742,SNZ,catalog/images/img-1040.jpg,176,Beyaz,,EY2742
catalog_0690,2742,SNZ,catalog/images/img-1043.jpg,177,Siyah,,EY2742
catalog_0691,2743,SNZ,catalog/images/img-1044.jpg,177,Siyah,,EY2743
catalog_0692,2744,SNZ,catalog/images/img-1045.jpg,177,Siyah,,EY2744
catalog_0693,2745,SNZ,catalog/images/img-1046.jpg,177,Siyah,,EY2745
catalog_0694,2746,SNZ,catalog/images/img-1049.jpg,178,Siyah,,EY2746
catalog_0695,2747,SNZ,catalog/images/img-1050.jpg,178,Siyah,,EY2747
catalog_0696,2748,SNZ,catalog/images/img-1051.jpg,178,Siyah,,EY2748
catalog_0697,2749,SNZ,catalog/images/img-1052.jpg,178,Siyah,,EY2749
catalog_0698,2750,SNZ,catalog/images/img-1055.jpg,179,Siyah,,EY2750
catalog_0699,2751,SNZ,catalog/images/img-1056.jpg,179,Siyah,,EY2751
catalog_0700,2752,SNZ,catalog/images/img-1057.jpg,179,Siyah,,EY2752
catalog_0701,2753,SNZ,catalog/images/img-1058.jpg,179,Siyah,,EY2753
catalog_0702,2754,SNZ,catalog/images/img-1061.jpg,180,Siyah,,EY2754
catalog_0703,2755,SNZ,catalog/images/img-1062.jpg,180,Siyah,,EY2755
catalog_0704,2756,SNZ,catalog/images/img-1063.jpg,180,Siyah,,EY2756
catalog_0705,2759,SNZ,catalog/images/img-1064.jpg,180,Siyah,,EY2759
catalog_0706,2761,SNZ,catalog/images/img-1067.jpg,181,Siyah,,EY2761
catalog_0707,2763,SNZ,catalog/images/img-1068.jpg,181,Mavi,,EY2763
catalog_0708,2763,SNZ,catalog/images/img-1069.jpg,181,Siyah – Ekru,,EY2763
catalog_0709,2764,SNZ,catalog/images/img-1070.jpg,181,Siyah,,EY2764
catalog_0710,2765,SNZ,catalog/images/img-1073.jpg,182,Siyah,,EY2765
catalog_0711,2765,SNZ,catalog/images/img-1074.jpg,182,Siyah – Ekru,,EY2765
catalog_0712,2766,SNZ,catalog/images/img-1075.jpg,182,Siyah,,EY2766
catalog_0713,2767,SNZ,catalog/images/img-1076.jpg,182,Ekru,,EY2767
catalog_0714,2767,SNZ,catalog/images/img-1079.jpg,183,Fuşya,,EY2767
catalog_0715,2767,SNZ,catalog/images/img-1080.jpg,183,Vanilya,,EY2767
catalog_0716,2768,SNZ,catalog/images/img-1081.jpg,183,Mavi,,EY2768
catalog_0717,2768,SNZ,catalog/images/img-1082.jpg,183,Siyah,,EY2768
catalog_0718,2768,SNZ,catalog/images/img-1085.jpg,184,Siyah – Beyaz,,EY2768
catalog_0719,2768,SNZ,catalog/images/img-1086.jpg,184,Siyah – Ekru,,EY2768
catalog_0720,2769,SNZ,catalog/images/img-1087.jpg,184,Siyah,,EY2769
catalog_0721,2770,SNZ,catalog/images/img-1088.jpg,184,Siyah,,EY2770
catalog_0722,2771,SNZ,catalog/images/img-1091.jpg,185,Siyah,,EY2771
catalog_0723,2772,SNZ,catalog/images/img-1092.jpg,185,Siyah,,EY2772
catalog_0724,2773,SNZ,catalog/images/img-1093.jpg,185,Mavi,,EY2773
catalog_0725,2773,SNZ,catalog/images/img-1094.jpg,185,Siyah – Ekru,,EY2773
catalog_0726,2774,SNZ,catalog/images/img-1097.jpg,186,Siyah,,EY2774
catalog_0727,2775,SNZ,catalog/images/img-1098.jpg,186,Vanilya,,EY2775
catalog_0728,2778,SNZ,catalog/images/img-1099.jpg,186,Mavi,,EY2778
catalog_0729,2778,SNZ,catalog/images/img-1100.jpg,186,Turuncu,,EY2778
catalog_0730,2779,SNZ,catalog/images/img-1103.jpg,187,Kırmızı,,EY2779
catalog_0731,2779,SNZ,catalog/images/img-1104.jpg,187,Siyah,,EY2779
catalog_0732,2779,SNZ,catalog/images/img-1105.jpg,187,Turuncu,,EY2779
catalog_0733,2781,SNZ,catalog/images/img-1106.jpg,187,Turuncu,,EY2781
catalog_0734,2782,SNZ,catalog/images/img-1109.jpg,188,Siyah – Ekru,,EY2782
catalog_0735,2784,SNZ,catalog/images/img-1110.jpg,188,Siyah – Ekru,,EY2784
catalog_0736,2785,SNZ,catalog/images/img-1111.jpg,188,Kırmızı,,EY2785
catalog_0737,2785,SNZ,catalog/images/img-1112.jpg,188,Lacivert,,EY2785
catalog_0738,2785,SNZ,catalog/images/img-1115.jpg,189,Siyah,,EY2785
catalog_0739,2785,SNZ,catalog/images/img-1116.jpg,189,Yesil,,EY2785
catalog_0740,2786,SNZ,catalog/images/img-1117.jpg,189,Kırmızı,,EY2786
catalog_0741,2786,SNZ,catalog/images/img-1118.jpg,189,Siyah,,EY2786
catalog_0742,2786,SNZ,catalog/images/img-1121.jpg,190,Turuncu,,EY2786
catalog_0743,2787,SNZ,catalog/images/img-1122.jpg,190,Kırmızı,,EY2787
catalog_0744,2787,SNZ,catalog/images/img-1123.jpg,190,Siyah,,EY2787
catalog_0745,2787,SNZ,catalog/images/img-1124.jpg,190,Turuncu,,EY2787
catalog_0746,2788,SNZ,catalog/images/img-1127.jpg,191,Kırmızı,,EY2788
catalog_0747,2788,SNZ,catalog/images/img-1128.jpg,191,Siyah,,EY2788
catalog_0748,2788,SNZ,catalog/images/img-1129.jpg,191,Turuncu,,EY2788
catalog_0749,2789,SNZ,catalog/images/img-1130.jpg,191,Kırmızı,,EY2789
catalog_0750,2789,SNZ,catalog/images/img-1133.jpg,192,Siyah,,EY2789
catalog_0751,2789,SNZ,catalog/images/img-1134.jpg,192,Turuncu,,EY2789
catalog_0752,2790,SNZ,catalog/images/img-1135.jpg,192,Kırmızı,,EY2790
catalog_0753,2791,SNZ,catalog/images/img-1136.jpg,192,Siyah,,EY2791
catalog_0754,2792,SNZ,catalog/images/img-1139.jpg,193,Siyah,,EY2792
catalog_0755,2793,SNZ,catalog/images/img-1140.jpg,193,Siyah – Beyaz,,EY2793
catalog_0756,2795,SNZ,catalog/images/img-1141.jpg,193,Kırmızı,,EY2795
catalog_0757,2795,SNZ,catalog/images/img-1142.jpg,193,Siyah,,EY2795
catalog_0758,2796,SNZ,catalog/images/img-1145.jpg,194,Siyah,,EY2796
catalog_0759,2797,SNZ,catalog/images/img-1146.jpg,194,Kırmızı,,EY2797
catalog_0760,2797,SNZ,catalog/images/img-1147.jpg,194,Siyah,,EY2797
catalog_0761,2798,SNZ,catalog/images/img-1148.jpg,194,Kırmızı,,EY2798
catalog_0762,2798,SNZ,catalog/images/img-1151.jpg,195,Siyah,,EY2798
catalog_0763,2799,SNZ,catalog/images/img-1152.jpg,195,Turuncu,,EY2799
catalog_0764,2800,SNZ,catalog/images/img-1155.jpg,196,Siyah,,EY2800
catalog_0765,2800,SNZ,catalog/images/img-1156.jpg,196,Turuncu,,EY2800
catalog_0766,2801,SNZ,catalog/images/img-1157.jpg,196,Siyah,,EY2801
catalog_0767,2801,SNZ,catalog/images/img-1158.jpg,196,Turuncu,,EY2801
catalog_0768,2802,SNZ,catalog/images/img-1161.jpg,197,Siyah,,EY2802
catalog_0769,2803,SNZ,catalog/images/img-1162.jpg,197,Siyah,,EY2803
catalog_0770,2804,SNZ,catalog/images/img-1163.jpg,197,Siyah,,EY2804
catalog_0771,2805,SNZ,catalog/images/img-1164.jpg,197,Siyah,,EY2805
catalog_0772,2806,SNZ,catalog/images/img-1167.jpg,198,Siyah,,EY2806
catalog_0773,2808,SNZ,catalog/images/img-1168.jpg,198,Siyah,,EY2808
catalog_0774,2810,SNZ,catalog/images/img-1169.jpg,198,Siyah – Beyaz,,EY2810
catalog_0775,2811,SNZ,catalog/images/img-1170.jpg,198,Siyah,,EY2811
catalog_0776,2812,SNZ,catalog/images/img-1173.jpg,199,Siyah,,EY2812
catalog_0777,2814,SNZ,catalog/images/img-1174.jpg,199,Siyah,,EY2814
catalog_0778,2816,SNZ,catalog/images/img-1175.jpg,199,Turuncu,,EY2816
catalog_0779,2818,SNZ,catalog/images/img-1176.jpg,199,Turuncu,,EY2818
catalog_0780,2819,SNZ,catalog/images/img-1179.jpg,200,Haki,,EY2819
catalog_0781,2819,SNZ,catalog/images/img-1180.jpg,200,Pudra,,EY2819
catalog_0782,2819,SNZ,catalog/images/img-1181.jpg,200,Siyah,,EY2819
catalog_0783,2820,SNZ,catalog/images/img-1182.jpg,200,Haki,,EY2820
catalog_0784,2820,SNZ,catalog/images/img-1185.jpg,201,Pudra,,EY2820
catalog_0785,2821,SNZ,catalog/images/img-1186.jpg,201,Siyah,,EY2821
catalog_0786,2822,SNZ,catalog/images/img-1187.jpg,201,Siyah,,EY2822
catalog_0787,2823,SNZ,catalog/images/img-1188.jpg,201,Siyah,,EY2823
catalog_0788,2824,SNZ,catalog/images/img-1191.jpg,202,Siyah,,EY2824
catalog_0789,2826,SNZ,catalog/images/img-1192.jpg,202,Siyah,,EY2826
catalog_0790,2827,SNZ,catalog/images/img-1193.jpg,202,Siyah,,EY2827
catalog_0791,2828,SNZ,catalog/images/img-1194.jpg,202,Siyah,,EY2828
catalog_0792,2829,SNZ,catalog/images/img-1197.jpg,203,Siyah,,EY2829
catalog_0793,2830,SNZ,catalog/images/img-1198.jpg,203,Siyah,,EY2830
catalog_0794,2831,SNZ,catalog/images/img-1199.jpg,203,Siyah,,EY2831
catalog_0795,2832,SNZ,catalog/images/img-1200.jpg,203,Siyah,,EY2832
catalog_0796,2833,SNZ,catalog/images/img-1203.jpg,204,Siyah,,EY2833
catalog_0797,2834,SNZ,catalog/images/img-1204.jpg,204,Siyah – Beyaz,,EY2834
catalog_0798,2835,SNZ,catalog/images/img-1205.jpg,204,Siyah,,EY2835
catalog_0799,2836,SNZ,catalog/images/img-1206.jpg,204,Siyah – Beyaz,,EY2836
catalog_0800,2837,SNZ,catalog/images/img-1209.jpg,205,Haki,,EY2837
catalog_0801,2837,SNZ,catalog/images/img-1210.jpg,205,Kahverengi,,EY2837
catalog_0802,2837,SNZ,catalog/images/img-1211.jpg,205,Kırmızı,,EY2837
catalog_0803,2837,SNZ,catalog/images/img-1212.jpg,205,Lacivert,,EY2837
catalog_0804,2837,SNZ,catalog/images/img-1215.jpg,206,Siyah,,EY2837
catalog_0805,2838,SNZ,catalog/images/img-1216.jpg,206,Siyah,,EY2838
catalog_0806,2839,SNZ,catalog/images/img-1217.jpg,206,Ekru,,EY2839
catalog_0807,2839,SNZ,catalog/images/img-1218.jpg,206,Siyah,,EY2839
catalog_0808,2840,SNZ,catalog/images/img-1221.jpg,207,Siyah,,EY2840
catalog_0809,2841,SNZ,catalog/images/img-1222.jpg,207,Siyah,,EY2841
catalog_0810,2842,SNZ,catalog/images/img-1223.jpg,207,Siyah,,EY2842
catalog_0811,2843,SNZ,catalog/images/img-1224.jpg,207,Siyah,,EY2843
catalog_0812,2844,SNZ,catalog/images/img-1227.jpg,208,Saks – Beyaz,,EY2844
catalog_0813,2846,SNZ,catalog/images/img-1228.jpg,208,Siyah,,EY2846
catalog_0814,2847,SNZ,catalog/images/img-1229.jpg,208,Siyah,,EY2847
catalog_0815,2848,SNZ,catalog/images/img-1230.jpg,208,Siyah,,EY2848
catalog_0816,2849,SNZ,catalog/images/img-1233.jpg,209,Siyah,,EY2849
catalog_0817,2850,SNZ,catalog/images/img-1234.jpg,209,Siyah,,EY2850
catalog_0818,2851,SNZ,catalog/images/img-1235.jpg,209,Siyah,,EY2851
catalog_0819,2852,SNZ,catalog/images/img-1236.jpg,209,Siyah,,EY2852
catalog_0820,2853,SNZ,catalog/images/img-1239.jpg,210,Siyah,,EY2853
catalog_0821,2854,SNZ,catalog/images/img-1240.jpg,210,Siyah,,EY2854
catalog_0822,2855,SNZ,catalog/images/img-1241.jpg,210,Siyah,,EY2855
catalog_0823,2859,SNZ,catalog/images/img-1242.jpg,210,Siyah,,EY2859
catalog_0824,2860,SNZ,catalog/images/img-1245.jpg,211,Siyah,,EY2860
catalog_0825,2861,SNZ,catalog/images/img-1246.jpg,211,Siyah,,EY2861
catalog_0826,2864,SNZ,catalog/images/img-1247.jpg,211,Siyah,,EY2864
catalog_0827,2865,SNZ,catalog/images/img-1248.jpg,211,Siyah,,EY2865
catalog_0828,2866,SNZ,catalog/images/img-1251.jpg,212,Beyaz,,EY2866
catalog_0829,2866,SNZ,catalog/images/img-1252.jpg,212,Siyah,,EY2866
catalog_0830,2867,SNZ,catalog/images/img-1253.jpg,212,Siyah,,EY2867
catalog_0831,2869,SNZ,catalog/images/img-1254.jpg,212,Ekru – Siyah,,EY2869
catalog_0832,2870,SNZ,catalog/images/img-1257.jpg,213,Siyah,,EY2870
catalog_0833,2872,SNZ,catalog/images/img-1258.jpg,213,Siyah,,EY2872
catalog_0834,2874,SNZ,catalog/images/img-1259.jpg,213,Siyah,,EY2874
catalog_0835,2875,SNZ,catalog/images/img-1260.jpg,213,Siyah,,EY2875
catalog_0836,2877,SNZ,catalog/images/img-1263.jpg,214,Siyah,,EY2877
catalog_0837,2878,SNZ,catalog/images/img-1264.jpg,214,Siyah,,EY2878
catalog_0838,2879,SNZ,catalog/images/img-1265.jpg,214,Siyah,,EY2879
catalog_0839,2882,SNZ,catalog/images/img-1266.jpg,214,Siyah,,EY2882
catalog_0840,2887,SNZ,catalog/images/img-1269.jpg,215,Siyah,,EY2887
catalog_0841,2889,SNZ,catalog/images/img-1270.jpg,215,Siyah,,EY2889
catalog_0842,2890,SNZ,catalog/images/img-1271.jpg,215,Camel – Siyah,,EY2890
catalog_0843,2891,SNZ,catalog/images/img-1272.jpg,215,Camel – Siyah,,EY2891
catalog_0844,2892,SNZ,catalog/images/img-1275.jpg,216,Camel – Siyah,,EY2892
catalog_0845,2893,SNZ,catalog/images/img-1276.jpg,216,Camel – Siyah,,EY2893
catalog_0846,2894,SNZ,catalog/images/img-1277.jpg,216,Camel – Siyah,,EY2894
catalog_0847,2895,SNZ,catalog/images/img-1278.jpg,216,Camel – Siyah,,EY2895
catalog_0848,2896,SNZ,catalog/images/img-1281.jpg,217,Camel – Siyah,,EY2896
catalog_0849,2897,SNZ,catalog/images/img-1282.jpg,217,Camel – Siyah,,EY2897
catalog_0850,2899,SNZ,catalog/images/img-1283.jpg,217,Ekru,,EY2899
catalog_0851,2901,SNZ,catalog/images/img-1284.jpg,217,Siyah,,EY2901
catalog_0852,2902,SNZ,catalog/images/img-1287.jpg,218,Siyah,,EY2902
catalog_0853,2903,SNZ,catalog/images/img-1288.jpg,218,Siyah,,EY2903
catalog_0854,2904,SNZ,catalog/images/img-1289.jpg,218,Siyah,,EY2904
catalog_0855,2905,SNZ,catalog/images/img-1290.jpg,218,Gri,,EY2905
catalog_0856,2905,SNZ,catalog/images/img-1293.jpg,219,Siyah,,EY2905
catalog_0857,2906,SNZ,catalog/images/img-1294.jpg,219,Gri,,EY2906
catalog_0858,2906,SNZ,catalog/images/img-1295.jpg,219,Siyah,,EY2906
catalog_0859,2907,SNZ,catalog/images/img-1296.jpg,219,Siyah,,EY2907
catalog_0860,2908,SNZ,catalog/images/img-1299.jpg,220,Ekru,,EY2908
catalog_0861,2909,SNZ,catalog/images/img-1300.jpg,220,Siyah,,EY2909
catalog_0862,2910,SNZ,catalog/images/img-1301.jpg,220,Siyah,,EY2910
catalog_0863,2911,SNZ,catalog/images/img-1302.jpg,220,Gri,,EY2911
catalog_0864,2911,SNZ,catalog/images/img-1305.jpg,221,Siyah,,EY2911
catalog_0865,2912,SNZ,catalog/images/img-1306.jpg,221,Siyah,,EY2912
catalog_0866,2913,SNZ,catalog/images/img-1307.jpg,221,Siyah – Beyaz,,EY2913
catalog_0867,2914,SNZ,catalog/images/img-1308.jpg,221,Siyah,,EY2914
catalog_0868,2915,SNZ,catalog/images/img-1311.jpg,222,Camel – Siyah,,EY2915
catalog_0869,2917,SNZ,catalog/images/img-1312.jpg,222,Siyah,,EY2917
catalog_0870,2918,SNZ,catalog/images/img-1313.jpg,222,Siyah,,EY2918
catalog_0871,2920,SNZ,catalog/images/img-1314.jpg,222,Siyah,,EY2920
catalog_0872,2921,SNZ,catalog/images/img-1317.jpg,223,Camel – Siyah,,EY2921
catalog_0873,2922,SNZ,catalog/images/img-1318.jpg,223,Siyah,,EY2922
catalog_0874,2923,SNZ,catalog/images/img-1319.jpg,223,Antrasit,,EY2923
catalog_0875,2923,SNZ,catalog/images/img-1320.jpg,223,Siyah,,EY2923
catalog_0876,2924,SNZ,catalog/images/img-1323.jpg,224,Bordo,,EY2924
catalog_0877,2924,SNZ,catalog/images/img-1324.jpg,224,Siyah,,EY2924
catalog_0878,2926,SNZ,catalog/images/img-1325.jpg,224,Siyah,,EY2926
catalog_0879,2927,SNZ,catalog/images/img-1326.jpg,224,Siyah,,EY2927
catalog_0880,2929,SNZ,catalog/images/img-1329.jpg,225,Siyah,,EY2929
catalog_0881,2930,SNZ,catalog/images/img-1330.jpg,225,Siyah,,EY2930
catalog_0882,2931,SNZ,catalog/images/img-1331.jpg,225,Siyah,,EY2931
catalog_0883,2933,SNZ,catalog/images/img-1332.jpg,225,Antrasit,,EY2933
catalog_0884,2934,SNZ,catalog/images/img-1335.jpg,226,Siyah,,EY2934
catalog_0885,2940,SNZ,catalog/images/img-1336.jpg,226,Siyah – Ekru,,EY2940
catalog_0886,2941,SNZ,catalog/images/img-1337.jpg,226,Siyah – Ekru,,EY2941
catalog_0887,2942,SNZ,catalog/images/img-1338.jpg,226,Siyah,,EY2942
catalog_0888,2943,SNZ,catalog/images/img-1341.jpg,227,Siyah,,EY2943
catalog_0889,2944,SNZ,catalog/images/img-1342.jpg,227,Siyah,,EY2944
catalog_0890,2945,SNZ,catalog/images/img-1343.jpg,227,Bordo,,EY2945
catalog_0891,2945,SNZ,catalog/images/img-1344.jpg,227,Siyah,,EY2945
catalog_0892,2946,SNZ,catalog/images/img-1347.jpg,228,Bordo,,EY2946
catalog_0893,2946,SNZ,catalog/images/img-1348.jpg,228,Camel,,EY2946
catalog_0894,2946,SNZ,catalog/images/img-1349.jpg,228,Siyah,,EY2946
catalog_0895,2947,SNZ,catalog/images/img-1350.jpg,228,Bordo,,EY2947
catalog_0896,2947,SNZ,catalog/images/img-1353.jpg,229,Siyah,,EY2947
catalog_0897,2948,SNZ,catalog/images/img-1354.jpg,229,Siyah,,EY2948
catalog_0898,2949,SNZ,catalog/images/img-1355.jpg,229,Siyah,,EY2949
catalog_0899,2950,SNZ,catalog/images/img-1356.jpg,229,Antrasit,,EY2950
catalog_0900,2951,SNZ,catalog/images/img-1359.jpg,230,Siyah,,EY2951
catalog_0901,2952,SNZ,catalog/images/img-1360.jpg,230,Bordo,,EY2952
catalog_0902,2952,SNZ,catalog/images/img-1361.jpg,230,Siyah,,EY2952
catalog_0903,2954,SNZ,catalog/images/img-1362.jpg,230,Bordo,,EY2954
catalog_0904,2954,SNZ,catalog/images/img-1365.jpg,231,Siyah,,EY2954
catalog_0905,2955,SNZ,catalog/images/img-1366.jpg,231,Siyah,,EY2955
catalog_0906,2955,SNZ,catalog/images/img-1367.jpg,231,Taş,,EY2955
catalog_0907,2956,SNZ,catalog/images/img-1368.jpg,231,Siyah,,EY2956
catalog_0908,2958,SNZ,catalog/images/img-1371.jpg,232,Siyah,,EY2958
catalog_0909,2959,SNZ,catalog/images/img-1372.jpg,232,Siyah,,EY2959
catalog_0910,2961,SNZ,catalog/images/img-1373.jpg,232,Siyah,,EY2961
catalog_0911,2965,SNZ,catalog/images/img-1374.jpg,232,Siyah,,EY2965
catalog_0912,2969,SNZ,catalog/images/img-1377.jpg,233,Siyah,,EY2969
catalog_0913,2971,SNZ,catalog/images/img-1378.jpg,233,Antrasit,,EY2971
catalog_0914,2972,SNZ,catalog/images/img-1379.jpg,233,Siyah – Ekru,,EY2972
catalog_0915,2973,SNZ,catalog/images/img-1380.jpg,233,Siyah,,EY2973
catalog_0916,2974,SNZ,catalog/images/img-1383.jpg,234,Siyah,,EY2974
catalog_0917,2975,SNZ,catalog/images/img-1384.jpg,234,Siyah,,EY2975
catalog_0918,2976,SNZ,catalog/images/img-1385.jpg,234,Siyah,,EY2976
catalog_0919,2977,SNZ,catalog/images/img-1386.jpg,234,Siyah,,EY2977
catalog_0920,2978,SNZ,catalog/images/img-1389.jpg,235,Siyah,,EY2978
catalog_0921,2980,SNZ,catalog/images/img-1390.jpg,235,Antrasit,,EY2980
catalog_0922,2981,SNZ,catalog/images/img-1391.jpg,235,Antrasit,,EY2981
catalog_0923,2982,SNZ,catalog/images/img-1392.jpg,235,Antrasit,,EY2982
catalog_0924,2983,SNZ,catalog/images/img-1395.jpg,236,Ekru,,EY2983
catalog_0925,2983,SNZ,catalog/images/img-1396.jpg,236,Siyah,,EY2983
catalog_0926,2984,SNZ,catalog/images/img-1397.jpg,236,Antrasit,,EY2984
catalog_0927,2985,SNZ,catalog/images/img-1398.jpg,236,Siyah,,EY2985
catalog_0928,2986,SNZ,catalog/images/img-1401.jpg,237,Siyah,,EY2986
catalog_0929,2987,SNZ,catalog/images/img-1402.jpg,237,Siyah,,EY2987
catalog_0930,2988,SNZ,catalog/images/img-1403.jpg,237,Siyah,,EY2988
catalog_0931,2990,SNZ,catalog/images/img-1404.jpg,237,Siyah,,EY2990
catalog_0932,2991,SNZ,catalog/images/img-1407.jpg,238,Siyah,,EY2991
catalog_0933,2992,SNZ,catalog/images/img-1408.jpg,238,Antrasit,,EY2992
catalog_0934,2993,SNZ,catalog/images/img-1409.jpg,238,Antrasit,,EY2993
catalog_0935,2994,SNZ,catalog/images/img-1410.jpg,238,Siyah,,EY2994
catalog_0936,2995,SNZ,catalog/images/img-1413.jpg,239,Siyah,,EY2995
catalog_0937,2996,SNZ,catalog/images/img-1414.jpg,239,Siyah,,EY2996
catalog_0938,2997,SNZ,catalog/images/img-1415.jpg,239,Siyah,,EY2997
catalog_0939,2998,SNZ,catalog/images/img-1416.jpg,239,Siyah,,EY2998
catalog_0940,2999,SNZ,catalog/images/img-1419.jpg,240,Siyah,,EY2999
catalog_0941,3000,SNZ,catalog/images/img-1422.jpg,241,Kırmızı,,EY3000
catalog_0942,3000,SNZ,catalog/images/img-1423.jpg,241,Siyah,,EY3000
catalog_0943,3001,SNZ,catalog/images/img-1424.jpg,241,Siyah,,EY3001
catalog_0944,3003,SNZ,catalog/images/img-1425.jpg,241,Antrasit,,EY3003
catalog_0945,3005,SNZ,catalog/images/img-1428.jpg,242,Siyah,,EY3005
catalog_0946,3006,SNZ,catalog/images/img-1429.jpg,242,Siyah,,EY3006
catalog_0947,3007,SNZ,catalog/images/img-1430.jpg,242,Siyah,,EY3007
catalog_0948,3008,SNZ,catalog/images/img-1431.jpg,242,Siyah,,EY3008
catalog_0949,3010,SNZ,catalog/images/img-1434.jpg,243,Siyah,,EY3010
catalog_0950,3011,SNZ,catalog/images/img-1435.jpg,243,Siyah,,EY3011
catalog_0951,3012,SNZ,catalog/images/img-1436.jpg,243,Siyah,,EY3012
catalog_0952,3013,SNZ,catalog/images/img-1437.jpg,243,Siyah,,EY3013
catalog_0953,3013,SNZ,catalog/images/img-1440.jpg,244,Siyah – Kırmızı,,EY3013
catalog_0954,3014,SNZ,catalog/images/img-1441.jpg,244,Siyah,,EY3014
catalog_0955,3015,SNZ,catalog/images/img-1442.jpg,244,Siyah,,EY3015
catalog_0956,3016,SNZ,catalog/images/img-1443.jpg,244,Siyah,,EY3016
catalog_0957,3018,SNZ,catalog/images/img-1446.jpg,245,Siyah – Bordo,,EY3018
catalog_0958,3019,SNZ,catalog/images/img-1447.jpg,245,Antrasit,,EY3019
catalog_0959,3020,SNZ,catalog/images/img-1448.jpg,245,Antrasit,,EY3020
catalog_0960,3021,SNZ,catalog/images/img-1449.jpg,245,Siyah,,EY3021
catalog_0961,3022,SNZ,catalog/images/img-1452.jpg,246,Antrasit,,EY3022
catalog_0962,3023,SNZ,catalog/images/img-1453.jpg,246,Siyah,,EY3023
catalog_0963,3024,SNZ,catalog/images/img-1454.jpg,246,Siyah,,EY3024
catalog_0964,3026,SNZ,catalog/images/img-1455.jpg,246,Siyah,,EY3026
catalog_0965,3027,SNZ,catalog/images/img-1458.jpg,247,Bordo,,EY3027
catalog_0966,3027,SNZ,catalog/images/img-1459.jpg,247,Kırmızı,,EY3027
catalog_0967,3027,SNZ,catalog/images/img-1460.jpg,247,Siyah,,EY3027
catalog_0968,3027,SNZ,catalog/images/img-1461.jpg,247,Taş,,EY3027
catalog_0969,3028,SNZ,catalog/images/img-1464.jpg,248,Siyah,,EY3028
catalog_0970,3029,SNZ,catalog/images/img-1465.jpg,248,Siyah,,EY3029
catalog_0971,3030,SNZ,catalog/images/img-1466.jpg,248,Siyah,,EY3030
catalog_0972,3031,SNZ,catalog/images/img-1467.jpg,248,Siyah,,EY3031
catalog_0973,3032,SNZ,catalog/images/img-1470.jpg,249,Siyah,,EY3032
catalog_0974,3033,SNZ,catalog/images/img-1471.jpg,249,Siyah – Beyaz,,EY3033
catalog_0975,3035,SNZ,catalog/images/img-1472.jpg,249,Siyah,,EY3035
catalog_0976,3038,SNZ,catalog/images/img-1473.jpg,249,Kırmızı,,EY3038
catalog_0977,3038,SNZ,catalog/images/img-1476.jpg,250,Siyah,,EY3038
catalog_0978,3039,SNZ,catalog/images/img-1477.jpg,250,Kırmızı,,EY3039
catalog_0979,3039,SNZ,catalog/images/img-1478.jpg,250,Siyah,,EY3039
catalog_0980,3041,SNZ,catalog/images/img-1479.jpg,250,Siyah,,EY3041
catalog_0981,3042,SNZ,catalog/images/img-1482.jpg,251,Ekru,,EY3042
catalog_0982,3043,SNZ,catalog/images/img-1483.jpg,251,Siyah,,EY3043
catalog_0983,3044,SNZ,catalog/images/img-1484.jpg,251,Camel,,EY3044
catalog_0984,3044,SNZ,catalog/images/img-1485.jpg,251,Haki,,EY3044
catalog_0985,3044,SNZ,catalog/images/img-1488.jpg,252,Siyah,,EY3044
catalog_0986,3044,SNZ,catalog/images/img-1489.jpg,252,İndigo,,EY3044
catalog_0987,3047,SNZ,catalog/images/img-1490.jpg,252,Kahverengi,,EY3047
catalog_0988,3047,SNZ,catalog/images/img-1491.jpg,252,Mavi,,EY3047
catalog_0989,3047,SNZ,catalog/images/img-1494.jpg,253,Pembe,,EY3047
catalog_0990,3047,SNZ,catalog/images/img-1495.jpg,253,Siyah,,EY3047
catalog_0991,3047,SNZ,catalog/images/img-1496.jpg,253,Taş,,EY3047
catalog_0992,3047,SNZ,catalog/images/img-1497.jpg,253,Mavi,,EY3047
catalog_0993,3048,SNZ,catalog/images/img-1500.jpg,254,Siyah,,EY3048
catalog_0994,3048,SNZ,catalog/images/img-1501.jpg,254,Taba,,EY3048
catalog_0995,3049,SNZ,catalog/images/img-1502.jpg,254,Kahverengi,,EY3049
catalog_0996,3049,SNZ,catalog/images/img-1503.jpg,254,Kırmızı,,EY3049
catalog_0997,3049,SNZ,catalog/images/img-1506.jpg,255,Pembe,,EY3049
catalog_0998,3049,SNZ,catalog/images/img-1507.jpg,255,Siyah,,EY3049
catalog_0999,3049,SNZ,catalog/images/img-1508.jpg,255,Taş,,EY3049
catalog_1000,3053,SNZ,catalog/images/img-1509.jpg,255,Camel,,EY3053
catalog_1001,3053,SNZ,catalog/images/img-1512.jpg,256,Mavi,,EY3053
catalog_1002,3054,SNZ,catalog/images/img-1513.jpg,256,Mavi,,EY3054
catalog_1003,3055,SNZ,catalog/images/img-1514.jpg,256,Siyah,,EY3055
catalog_1004,3057,SNZ,catalog/images/img-1515.jpg,256,Beyaz,,EY3057
catalog_1005,3057,SNZ,catalog/images/img-1518.jpg,257,Mint,,EY3057
catalog_1006,3061,SNZ,catalog/images/img-1519.jpg,257,Siyah,,EY3061
catalog_1007,3062,SNZ,catalog/images/img-1520.jpg,257,Beyaz,,EY3062
catalog_1008,3062,SNZ,catalog/images/img-1521.jpg,257,Siyah,,EY3062
catalog_1009,3063,SNZ,catalog/images/img-1524.jpg,258,Kırmızı,,EY3063
catalog_1010,3063,SNZ,catalog/images/img-1525.jpg,258,Siyah,,EY3063
catalog_1011,3064,SNZ,catalog/images/img-1526.jpg,258,Kırmızı,,EY3064
catalog_1012,3065,SNZ,catalog/images/img-1527.jpg,258,Siyah,,EY3065
catalog_1013,3066,SNZ,catalog/images/img-1530.jpg,259,Siyah,,EY3066
catalog_1014,3067,SNZ,catalog/images/img-1531.jpg,259,Siyah,,EY3067
catalog_1015,3068,SNZ,catalog/images/img-1532.jpg,259,Ekru,,EY3068
catalog_1016,3068,SNZ,catalog/images/img-1533.jpg,259,Kahverengi,,EY3068
catalog_1017,3068,SNZ,catalog/images/img-1536.jpg,260,Kırmızı,,EY3068
catalog_1018,3068,SNZ,catalog/images/img-1537.jpg,260,Siyah,,EY3068
catalog_1019,3069,SNZ,catalog/images/img-1538.jpg,260,Siyah,,EY3069
catalog_1020,3070,SNZ,catalog/images/img-1539.jpg,260,Siyah – Ekru,,EY3070
catalog_1021,3071,SNZ,catalog/images/img-1542.jpg,261,Siyah – Ekru,,EY3071
catalog_1022,3073,SNZ,catalog/images/img-1543.jpg,261,Beyaz – Mavi,,EY3073
catalog_1023,3073,SNZ,catalog/images/img-1544.jpg,261,Beyaz – Siyah,,EY3073
catalog_1024,3074,SNZ,catalog/images/img-1545.jpg,261,Kırmızı,,EY3074
catalog_1025,3074,SNZ,catalog/images/img-1548.jpg,262,Siyah,,EY3074
catalog_1026,3075,SNZ,catalog/images/img-1549.jpg,262,Kırmızı,,EY3075
catalog_1027,3075,SNZ,catalog/images/img-1550.jpg,262,Siyah,,EY3075
catalog_1028,3077,SNZ,catalog/images/img-1551.jpg,262,Ekru,,EY3077
catalog_1029,3077,SNZ,catalog/images/img-1554.jpg,263,Kırmızı,,EY3077
catalog_1030,3078,SNZ,catalog/images/img-1555.jpg,263,Kırmızı,,EY3078
catalog_1031,3079,SNZ,catalog/images/img-1556.jpg,263,Haki,,EY3079
catalog_1032,3080,SNZ,catalog/images/img-1557.jpg,263,Pudra,,EY3080
catalog_1033,3081,SNZ,catalog/images/img-1560.jpg,264,Kırmızı,,EY3081
catalog_1034,3083,SNZ,catalog/images/img-1561.jpg,264,Kırmızı,,EY3083
catalog_1035,3083,SNZ,catalog/images/img-1562.jpg,264,Lacivert,,EY3083
catalog_1036,3083,SNZ,catalog/images/img-1563.jpg,264,Siyah,,EY3083
catalog_1037,3084,SNZ,catalog/images/img-1566.jpg,265,Siyah,,EY3084
catalog_1038,3085,SNZ,catalog/images/img-1567.jpg,265,Siyah – Ekru,,EY3085
catalog_1039,3086,SNZ,catalog/images/img-1568.jpg,265,Siyah,,EY3086
catalog_1040,3087,SNZ,catalog/images/img-1569.jpg,265,Kırmızı,,EY3087
catalog_1041,3088,SNZ,catalog/images/img-1572.jpg,266,Siyah,,EY3088
catalog_1042,3089,SNZ,catalog/images/img-1573.jpg,266,Kırmızı,,EY3089
catalog_1043,3090,SNZ,catalog/images/img-1574.jpg,266,Siyah,,EY3090
catalog_1044,3091,SNZ,catalog/images/img-1575.jpg,266,Siyah,,EY3091
catalog_1045,3092,SNZ,catalog/images/img-1578.jpg,267,Siyah,,EY3092
catalog_1046,3094,SNZ,catalog/images/img-1579.jpg,267,Siyah,,EY3094
catalog_1047,3095,SNZ,catalog/images/img-1580.jpg,267,Beyaz,,EY3095
catalog_1048,3095,SNZ,catalog/images/img-1581.jpg,267,Kırmızı,,EY3095
catalog_1049,3095,SNZ,catalog/images/img-1584.jpg,268,Siyah,,EY3095
catalog_1050,3096,SNZ,catalog/images/img-1585.jpg,268,Siyah,,EY3096
catalog_1051,3097,SNZ,catalog/images/img-1586.jpg,268,Siyah,,EY3097
catalog_1052,3098,SNZ,catalog/images/img-1587.jpg,268,Siyah,,EY3098
catalog_1053,3102,SNZ,catalog/images/img-1590.jpg,269,Siyah – Beyaz,,EY3102
catalog_1054,3103,SNZ,catalog/images/img-1591.jpg,269,Beyaz,,EY3103
catalog_1055,3103,SNZ,catalog/images/img-1592.jpg,269,Siyah,,EY3103
catalog_1056,3104,SNZ,catalog/images/img-1593.jpg,269,Beyaz,,EY3104
catalog_1057,3105,SNZ,catalog/images/img-1596.jpg,270,Siyah,,EY3105
catalog_1058,3106,SNZ,catalog/images/img-1597.jpg,270,Mavi,,EY3106
catalog_1059,3106,SNZ,catalog/images/img-1598.jpg,270,Siyah,,EY3106
catalog_1060,3107,SNZ,catalog/images/img-1599.jpg,270,Kırmızı,,EY3107
catalog_1061,3107,SNZ,catalog/images/img-1602.jpg,271,Siyah,,EY3107
catalog_1062,3108,SNZ,catalog/images/img-1603.jpg,271,Bebe Mavi,,EY3108
catalog_1063,3108,SNZ,catalog/images/img-1604.jpg,271,Kırmızı,,EY3108
catalog_1064,3108,SNZ,catalog/images/img-1605.jpg,271,Siyah,,EY3108
catalog_1065,3109,SNZ,catalog/images/img-1608.jpg,272,Bebe Mavi,,EY3109
catalog_1066,3109,SNZ,catalog/images/img-1609.jpg,272,Kırmızı,,EY3109
catalog_1067,3109,SNZ,catalog/images/img-1610.jpg,272,Siyah,,EY3109
catalog_1068,3110,SNZ,catalog/images/img-1611.jpg,272,Kırmızı,,EY3110
catalog_1069,3110,SNZ,catalog/images/img-1614.jpg,273,Siyah,,EY3110
catalog_1070,3111,SNZ,catalog/images/img-1615.jpg,273,Bebe Mavi,,EY3111
catalog_1071,3111,SNZ,catalog/images/img-1616.jpg,273,Siyah,,EY3111
catalog_1072,3112,SNZ,catalog/images/img-1617.jpg,273,Siyah,,EY3112
catalog_1073,3113,SNZ,catalog/images/img-1620.jpg,274,Bebe Mavi,,EY3113
catalog_1074,3113,SNZ,catalog/images/img-1621.jpg,274,Kırmızı,,EY3113
catalog_1075,3113,SNZ,catalog/images/img-1622.jpg,274,Siyah,,EY3113
catalog_1076,3114,SNZ,catalog/images/img-1623.jpg,274,Bebe Mavi,,EY3114
catalog_1077,3114,SNZ,catalog/images/img-1626.jpg,275,Siyah,,EY3114
catalog_1078,3115,SNZ,catalog/images/img-1627.jpg,275,Kırmızı,,EY3115
catalog_1079,3115,SNZ,catalog/images/img-1628.jpg,275,Siyah,,EY3115
catalog_1080,3116,SNZ,catalog/images/img-1629.jpg,275,Siyah – Beyaz,,EY3116
catalog_1081,3117,SNZ,catalog/images/img-1632.jpg,276,Siyah,,EY3117
catalog_1082,3118,SNZ,catalog/images/img-1633.jpg,276,Siyah,,EY3118
catalog_1083,3119,SNZ,catalog/images/img-1634.jpg,276,Kahverengi,,EY3119
catalog_1084,3119,SNZ,catalog/images/img-1635.jpg,276,Kırmızı,,EY3119
catalog_1085,3119,SNZ,catalog/images/img-1638.jpg,277,Siyah,,EY3119
catalog_1086,3120,SNZ,catalog/images/img-1639.jpg,277,Siyah,,EY3120
catalog_1087,3121,SNZ,catalog/images/img-1640.jpg,277,Kırmızı,,EY3121
catalog_1088,3122,SNZ,catalog/images/img-1641.jpg,277,Siyah,,EY3122
catalog_1089,3123,SNZ,catalog/images/img-1644.jpg,278,Siyah,,EY3123
catalog_1090,3125,SNZ,catalog/images/img-1645.jpg,278,Kırmızı,,EY3125
catalog_1091,3126,SNZ,catalog/images/img-1646.jpg,278,Siyah – Beyaz,,EY3126
catalog_1092,3129,SNZ,catalog/images/img-1647.jpg,278,Siyah,,EY3129
catalog_1093,3130,SNZ,catalog/images/img-1650.jpg,279,Siyah,,EY3130
catalog_1094,3131,SNZ,catalog/images/img-1651.jpg,279,Siyah,,EY3131
catalog_1095,3133,SNZ,catalog/images/img-1652.jpg,279,Ekru,,EY3133
catalog_1096,3134,SNZ,catalog/images/img-1653.jpg,279,Siyah,,EY3134
catalog_1097,3135,SNZ,catalog/images/img-1656.jpg,280,Siyah,,EY3135
catalog_1098,3136,SNZ,catalog/images/img-1657.jpg,280,Siyah,,EY3136
catalog_1099,3137,SNZ,catalog/images/img-1658.jpg,280,Siyah,,EY3137
catalog_1100,3138,SNZ,catalog/images/img-1659.jpg,280,Siyah,,EY3138
catalog_1101,MEY0011,SNZ,catalog/images/img-1662.jpg,281,Bordo,,MEY0011
catalog_1102,MEY0011,SNZ,catalog/images/img-1663.jpg,281,Kahverengi,,MEY0011
catalog_1103,MEY0011,SNZ,catalog/images/img-1664.jpg,281,Lacivert,,MEY0011
catalog_1104,MEY100,SNZ,catalog/images/img-1665.jpg,281,Antrasit,,MEY100
catalog_1105,MEY1049,SNZ,catalog/images/img-1668.jpg,282,Antrasit,,MEY1049
catalog_1106,MEY1049,SNZ,catalog/images/img-1669.jpg,282,Siyah,,MEY1049
catalog_1107,MEY1060,SNZ,catalog/images/img-1670.jpg,282,Siyah – Beyaz,,MEY1060
catalog_1108,MEY1084,SNZ,catalog/images/img-1671.jpg,282,Siyah – Beyaz,,MEY1084
catalog_1109,MEY1111,SNZ,catalog/images/img-1674.jpg,283,Siyah,,MEY1111
catalog_1110,MEY1150,SNZ,catalog/images/img-1675.jpg,283,Antrasit,,MEY1150
catalog_1111,MEY1405,SNZ,catalog/images/img-1676.jpg,283,Siyah – Gri,,MEY1405
catalog_1112,MEY2567,SNZ,catalog/images/img-1677.jpg,283,Siyah,,MEY2567
catalog_1113,MEY2600,SNZ,catalog/images/img-1680.jpg,284,Siyah,,MEY2600
catalog_1114,MEY2601,SNZ,catalog/images/img-1681.jpg,284,Siyah,,MEY2601
catalog_1115,MEY2607,SNZ,catalog/images/img-1682.jpg,284,Siyah,,MEY2607
catalog_1116,MEY2670,SNZ,catalog/images/img-1683.jpg,284,Siyah,,MEY2670
catalog_1117,MEY2911,SNZ,catalog/images/img-1686.jpg,285,Gri,,MEY2911
catalog_1118,MEY2924,SNZ,catalog/images/img-1687.jpg,285,Bordo,,MEY2924
catalog_1119,MEY2941,SNZ,catalog/images/img-1688.jpg,285,Siyah – Ekru,,MEY2941
catalog_1120,MEY2946,SNZ,catalog/images/img-1689.jpg,285,Camel,,MEY2946
catalog_1121,MEY2946,SNZ,catalog/images/img-1692.jpg,286,Siyah,,MEY2946
catalog_1122,MEY2982,SNZ,catalog/images/img-1693.jpg,286,Antrasit,,MEY2982
catalog_1123,MEY2993,SNZ,catalog/images/img-1694.jpg,286,Antrasit,,MEY2993
catalog_1124,MEY3007,SNZ,catalog/images/img-1695.jpg,286,Siyah,,MEY3007
catalog_1125,MEY3010,SNZ,catalog/images/img-1698.jpg,287,Siyah,,MEY3010
catalog_1126,MEY3019,SNZ,catalog/images/img-1699.jpg,287,Antrasit,,MEY3019
catalog_1127,MEY3030,SNZ,catalog/images/img-1700.jpg,287,Siyah,,MEY3030
catalog_1128,MEY3033,SNZ,catalog/images/img-1701.jpg,287,Siyah – Beyaz,,MEY3033
catalog_1129,CG53,SNZ,catalog/images/img-1704.jpg,288,Kırmızı,,CG53
catalog_1130,CG53,SNZ,catalog/images/img-1705.jpg,288,Siyah,,CG53
catalog_1131,CG113,SNZ,catalog/images/img-1706.jpg,288,Kırmızı,,CG113
catalog_1132,CG113,SNZ,catalog/images/img-1707.jpg,288,Siyah,,CG113
catalog_1133,CG212,SNZ,catalog/images/img-1710.jpg,289,Camel,,CG212
catalog_1134,CG212,SNZ,catalog/images/img-1711.jpg,289,Siyah,,CG212
catalog_1135,CY430,SNZ,catalog/images/img-1712.jpg,289,Kırmızı,,CY430
catalog_1136,FI792,SNZ,catalog/images/img-1713.jpg,289,Siyah,,FI792
catalog_1137,FI796,SNZ,catalog/images/img-1716.jpg,290,Siyah,,FI796
